consent,information_trustworthiness,hard_to_know_what_is_real,worry_ai_makes_deception_easier,feel_overwhelmed_by_conflicting_info,unsure_which_sources_to_rely_on,difficult_to_detect_manipulated_info,anxious_when_uncertain_what_to_trust,avoid_online_content_due_to_uncertainty,check_visual_clues_for_ai,check_behavioural_clues_for_ai,confident_identifying_synthetic_signals,trust_instinct_real_vs_fake,believe_people_struggle_detect_ai_media,confidence_verifying_information,double_check_when_unsure,strategies_for_identifying_unreliable_content,want_clearer_verification_methods,ai_content_makes_trust_harder,more_cautious_due_to_ai_media,expect_ai_replace_human_images_voices_interactions,recent_moment_questioned_reality,trust_ai_to_act_in_best_interests,what_matters_most,digital_life_effect_on_focus,feelings_about_ai_in_decision_making,ai_values_multi,age_group,gender,country,education_level,work_status,hours_online_per_day,ai_tool_use_frequency,emotional_wellbeing
yes,6,7,6,7,7,7,7,7,7,7,7,7,5,5,6,6,7,7,7,7,voice message of donald trump that was recently posted,2,4,5,5,honesty;responsibility;transparency,25_34,man,uk,bachelors_degree,employed_full_time,5_6_hours,sometimes,2
yes,7,7,7,2,6,5,2,7,7,7,5,5,6,4,7,5,7,5,5,7,"There was a video of Donald trump online speaking about going to war and it looked very genuine, but it wasn't",2,7,2,3,honesty;empathy;non_harm,35_44,man,uk,bachelors_degree,employed_full_time,2_4_hours,sometimes,6
yes,7,6,6,5,6,7,5,6,6,6,5,6,5,3,7,5,6,5,5,7,An AI generated video of a footballer on tiktok talking.,5,5,6,5,honesty;responsibility;transparency,35_44,man,uk,bachelors_degree,employed_full_time,2_4_hours,everyday,4
yes,7,5,6,2,4,5,4,5,7,6,5,4,4,5,7,5,7,5,3,6,I see images on social media every day that have been created by AI to deceive and radicalise others.,3,7,3,4,fairness;non_harm;transparency,45_54,man,uk,bachelors_degree,self_employed,7_8_hours,sometimes,4
yes,6,4,7,2,2,3,4,2,7,7,5,4,4,6,7,7,4,4,4,6,a news article about charlie kirks killer,4,7,4,4,honesty;fairness;accountability,45_54,woman,ca,high_school,employed_full_time,5_6_hours,sometimes,6
yes,7,7,6,5,3,3,5,2,7,7,6,4,4,6,7,7,7,3,6,5,"I was actually doing a survey here on Prolific and chatting with ""someone"" but I began to wonder if I was chatting with a person or with AI",4,7,5,3,honesty;non_harm;transparency,55_65,woman,us,bachelors_degree,self_employed,9_10_hours,everyday,6
yes,6,7,7,4,4,5,4,2,6,6,4,4,6,5,6,4,5,5,5,6,"I recently saw a picture posted by an account called ""secretary Kennedy"" with Kennedy, Musk and Trump and I couldn't tell if the picture and the account were both genuine",4,6,5,5,fairness;responsibility;transparency,35_44,man,uk,postgraduate_degree,employed_full_time,9_10_hours,very_often,5
yes,5,6,6,5,5,5,6,3,3,5,3,5,5,3,2,3,6,5,5,6,"It was a landscape and it did look authentic but looked to perfect to be real, which was used for advertising for a holiday destination. I thought about whether it was real or AI generated.",5,5,3,5,honesty;responsibility;transparency,35_44,woman,uk,bachelors_degree,employed_part_time,5_6_hours,often,5
yes,7,7,7,6,7,6,6,6,4,7,3,3,7,4,5,4,7,7,7,4,"when I saw a reel with Trump giving some commentary, There was something about it that made it look like AI",5,7,3,6,honesty;non_harm;transparency,over_65,woman,us,bachelors_degree,other,2_4_hours,occasionally,7
yes,7,7,7,7,7,5,5,5,6,6,6,6,4,6,7,6,7,6,6,5,Breaking news on social media.,4,6,5,4,responsibility;transparency;accountability,55_65,man,au,bachelors_degree,self_employed,lt_2_hours,rarely,5
yes,5,7,6,5,6,5,4,2,6,7,3,3,5,3,7,3,7,5,5,5,"I saw a video of Trump, I can't remember specifically what he was talking about but he was talking to a group. He was talking about something controversial, I think it could have been regarding immigration, in any case.. I honestly couldn't tell whether the video was authentic or not. He's known for saying controversial things but it honestly could have been a high quality deep fake.",4,6,5,3,honesty;fairness;non_harm,25_34,woman,uk,bachelors_degree,employed_full_time,9_10_hours,sometimes,5
yes,7,7,7,6,7,7,7,7,5,7,3,6,6,3,7,2,7,7,7,6,A picture of a couple that was supposed to be of them when they were younger,4,6,3,4,honesty;human_wellbeing;non_harm,25_34,woman,uk,high_school,employed_part_time,5_6_hours,rarely,5
yes,7,7,7,7,5,6,4,3,7,7,5,4,4,4,7,7,7,6,7,7,"just today on tik tok i saw a post from what i thought was the daily mail showing a train crash in liverpool,turned out it was fake,both the video and the small article",6,7,3,7,honesty;human_wellbeing;transparency,35_44,man,uk,some_university_college,employed_full_time,5_6_hours,very_often,6
yes,4,7,5,3,3,6,4,6,3,3,2,1,7,6,7,3,5,7,1,5,Any time you send a support ticket to a company and you get a auto response and even though they sign it as a human I suspect it's still AI generated,4,5,2,6,respect;responsibility;transparency,55_65,man,ca,bachelors_degree,employed_full_time,5_6_hours,everyday,5
yes,5,5,1,1,1,4,1,1,5,7,5,4,3,4,4,2,1,5,4,4,i was watching a tiktok,4,1,7,5,honesty;human_wellbeing;transparency,25_34,man,ca,high_school,not_currently_working,gt_12_hours,everyday,1
yes,6,7,7,6,6,5,6,4,7,6,6,6,5,6,7,7,6,6,7,7,"Videos of animals where one is chasing the other, which turned out to be AI due to background distortions",4,5,4,5,honesty;responsibility;transparency,18_24,man,uk,bachelors_degree,employed_full_time,11_12_hours,sometimes,3
yes,7,7,7,4,5,6,5,7,7,7,4,5,6,2,6,4,5,7,7,7,I saw a painting on Instagram that looked hand painted but too perfect and when I checked I found that it was AI generated,1,7,6,1,honesty;human_wellbeing;non_harm,35_44,woman,uk,bachelors_degree,self_employed,2_4_hours,occasionally,5
yes,7,7,7,4,3,7,3,7,7,7,6,6,4,6,7,5,7,7,2,7,I saw some videos i really thought were real but ended up being sora,1,6,5,2,non_harm;transparency;accountability,35_44,man,ca,bachelors_degree,employed_full_time,11_12_hours,everyday,6
yes,6,6,7,7,6,7,3,6,6,6,7,3,7,5,6,5,6,6,1,7,Saw an image on social media that was cofusing to believe if it was real or not,6,6,6,6,responsibility;transparency;accountability,35_44,woman,us,postgraduate_degree,employed_full_time,9_10_hours,everyday,7
yes,3,5,5,5,4,5,2,2,5,5,4,5,5,4,5,5,5,5,4,6,I saw a tiktok and I thought it was real but when I read the comments it became clear that it was AI.,3,5,6,4,honesty;transparency;accountability,25_34,woman,ca,bachelors_degree,employed_full_time,5_6_hours,occasionally,5
yes,6,7,6,4,3,3,4,4,6,6,5,6,5,5,6,5,6,6,6,7,"a video posted on instagram showing donald trump making a speech, very hard to work out if fake",4,4,5,6,honesty;responsibility;non_harm,35_44,man,uk,bachelors_degree,employed_full_time,5_6_hours,often,6
yes,6,6,7,5,5,6,6,4,7,7,6,7,5,6,7,6,7,6,6,5,"When I was looking at animal videos on tiktok, I wasn't quite sure if some of them were real or AI generated",4,4,6,2,honesty;human_wellbeing;transparency,18_24,woman,ca,high_school,student,11_12_hours,often,4
yes,7,7,7,4,5,7,5,5,7,7,6,7,7,7,6,7,6,6,7,7,"Videos usually of current events, celebrity happenings, concerts, real world scenes posted online.",4,7,7,4,honesty;responsibility;transparency,35_44,man,ca,bachelors_degree,employed_full_time,gt_12_hours,often,6
yes,7,7,7,6,6,5,5,6,5,6,5,5,5,5,4,5,6,7,5,6,Video of a puma leaping very far,2,6,6,3,honesty;responsibility;accountability,35_44,woman,uk,bachelors_degree,employed_full_time,9_10_hours,often,5
yes,7,7,7,7,5,5,5,1,5,6,2,4,7,2,2,2,6,6,5,6,Friend sent to me a video of a playful cat up to now I do not know if it was real or AI generated.,4,7,4,4,honesty;fairness;transparency,45_54,man,uk,postgraduate_degree,employed_full_time,gt_12_hours,very_often,2
yes,5,7,6,4,6,6,3,5,6,6,5,7,5,4,6,5,6,6,6,7,Saw a news story where the people looked not quite right and I did not trust what was being said,5,6,5,4,honesty;fairness;responsibility,over_65,man,ca,postgraduate_degree,employed_full_time,2_4_hours,occasionally,7
yes,3,3,7,3,3,4,3,3,3,4,4,5,4,4,5,5,4,5,4,7,when i saw a youtube video and it looked real but also seemed fake,2,7,2,4,honesty;transparency;accountability,35_44,man,us,postgraduate_degree,employed_full_time,7_8_hours,rarely,5
yes,5,4,5,5,6,5,6,6,6,6,5,4,5,4,6,5,5,5,4,2,"The feedback from AI (e.g., DOI information from a paper) is not accurate as expected that I have to cross-check its reliability.",5,6,6,5,responsibility;transparency;accountability,45_54,man,us,postgraduate_degree,employed_full_time,5_6_hours,everyday,4
yes,6,6,6,5,5,5,6,4,5,5,3,5,6,4,6,5,6,5,5,6,"I find myself questioning many songs, especially in the EDM genre, for artificial generation. The song I RUN was recently outed for featuring AI vocals, and I find myself questioning music a lot more since.",4,6,5,3,responsibility;transparency;accountability,25_34,woman,us,bachelors_degree,employed_full_time,2_4_hours,occasionally,5
yes,6,4,6,5,4,3,5,4,6,5,6,6,5,5,7,5,5,5,6,5,"Recently a music artist I greatly admire released some new content. I was unsure if it was AI generated, which would really disappoint me. However, it was extremely hard to tell whether or not it was AI.",4,5,4,6,responsibility;transparency;accountability,35_44,woman,us,bachelors_degree,employed_full_time,7_8_hours,sometimes,5
yes,6,6,7,5,6,6,1,5,6,6,6,6,6,6,7,6,6,6,5,5,i can;t think of any,4,4,4,4,honesty;responsibility;accountability,45_54,woman,uk,some_university_college,self_employed,2_4_hours,rarely,7
yes,5,6,7,5,6,5,6,5,6,6,3,5,6,5,4,5,7,7,5,6,Particularly when I read things regarding politics. I find I sometimes have trouble determining if headlines or articles are real or artificial given the state of the world right now some of the artificially generated articles seem like they could be real enough.,3,3,6,3,honesty;non_harm;transparency,18_24,non_binary,ca,some_university_college,student,5_6_hours,sometimes,3
yes,5,6,6,5,5,4,4,5,6,6,5,6,6,5,6,5,6,6,6,7,checking on a social media some contents that seem too perfect or too violent etc,4,5,6,3,responsibility;non_harm;transparency,55_65,woman,ca,some_university_college,self_employed,7_8_hours,sometimes,5
yes,5,6,7,4,2,5,2,2,4,5,2,3,5,2,6,3,4,5,3,5,I often question whether news stories are real or not,1,5,1,4,honesty;responsibility;non_harm,35_44,woman,uk,postgraduate_degree,employed_full_time,5_6_hours,sometimes,5
yes,5,7,7,5,4,4,5,4,5,5,4,5,5,4,5,3,7,7,6,3,I was reading an online article from a major city newspaper in my state and the way it was written just seemed too dry and just-the-facts. At the bottom of the article it said that it was written by AI and edited by one of the staff.,1,5,4,1,responsibility;transparency;accountability,35_44,woman,us,bachelors_degree,employed_full_time,5_6_hours,rarely,5
yes,7,7,7,6,6,6,6,6,7,7,5,5,7,7,7,7,7,6,7,7,A photo of president Trump.  Turned out it has been artificially generated.,2,7,5,1,honesty;fairness;transparency,55_65,woman,ca,high_school,self_employed,5_6_hours,occasionally,6
yes,7,6,7,2,3,4,5,5,7,7,5,4,5,4,7,6,7,7,4,6,"Pictures on social media, esp from certain older family members.  I've come to assume that they can't tell and will re post anything so its properly fake",1,6,3,2,honesty;non_harm;transparency,45_54,woman,nz,bachelors_degree,employed_full_time,2_4_hours,occasionally,5
yes,6,7,7,5,6,6,6,6,6,7,4,5,5,5,6,5,7,7,6,7,"I saw a short video clip on twitter about a polar bear cub being helped by a human whilst the mother bear watched. It looked realistic, but it can't have been real as the polar bear would have attacked the human in real life, but for a short time I was watching this thinking 'ah, that's cute'",4,5,5,2,honesty;empathy;human_wellbeing,45_54,woman,uk,bachelors_degree,self_employed,7_8_hours,rarely,5
yes,3,3,3,4,1,5,2,1,6,6,5,2,5,6,7,7,7,2,2,5,A detailed historical post on X that was questioned as to its accuracy by other users,5,7,3,5,transparency;accountability;honesty,55_65,man,uk,bachelors_degree,employed_full_time,lt_2_hours,everyday,6
yes,6,6,7,5,3,3,5,5,7,6,3,3,6,6,6,6,7,3,3,6,"My husband was watching a short on YouTube and I heard Rick Steves's voice, but he wasn't in the video, so for a second I wondered why he was doing a voiceover on the video before realizing it was AI generated.",4,6,3,5,fairness;human_wellbeing;transparency,35_44,woman,us,bachelors_degree,employed_part_time,2_4_hours,sometimes,6
yes,7,7,7,5,6,6,6,7,7,7,5,6,7,5,7,6,7,6,7,7,there was a video of a giraffe hugging a girl on a deck. turned out to be real,4,7,1,4,honesty;respect;non_harm,25_34,woman,ca,some_university_college,not_currently_working,7_8_hours,everyday,7
yes,7,7,7,6,6,5,5,7,6,5,5,5,7,4,5,3,6,6,5,7,When one of the videos about girl showed that she is living in a mansion without doing much work,2,6,6,5,responsibility;human_wellbeing;non_harm,25_34,man,ca,bachelors_degree,employed_part_time,11_12_hours,everyday,2
yes,6,7,7,5,4,5,5,6,5,7,4,2,7,5,6,7,7,7,7,7,"I was looking at a digital artwork someone had made, and stopped to examine it closely to see if it was actually art or not.",1,6,6,1,honesty;non_harm;accountability,25_34,non_binary,au,bachelors_degree,employed_part_time,5_6_hours,never,5
yes,7,7,7,7,7,4,5,7,7,6,6,6,5,7,7,7,7,7,6,7,"""the sun"" a fakebook account, 5 buildings in a blaze, the sun is a British news paper but I don't think this has anything to do with it ..",5,7,5,2,honesty;non_harm;transparency,55_65,man,uk,high_school,employed_part_time,2_4_hours,sometimes,6
yes,7,6,7,6,7,6,6,7,7,7,6,6,4,5,7,5,7,4,2,7,"It was a youtube video which told the story of two sisters who died on mount Everest, I'd never heard of them and the photos didn't look right and a google proved they hadn't existed.",3,7,1,2,fairness;non_harm;transparency,55_65,woman,uk,high_school,self_employed,2_4_hours,occasionally,6
yes,7,6,7,5,4,4,4,1,6,6,5,6,4,4,7,5,7,6,6,5,I asked Gemini for statistics concerning Celtic top goalscorers in Europe and knew immediately from my own knowledge that the answer was flawed/incorrect.,3,5,4,3,responsibility;transparency;accountability,45_54,man,uk,postgraduate_degree,employed_full_time,5_6_hours,occasionally,5
yes,6,5,7,3,2,4,2,4,5,5,6,6,6,5,7,6,7,6,5,7,Just browsing videos online and I wonder if they are real,5,6,5,4,fairness;transparency;accountability,35_44,woman,us,bachelors_degree,self_employed,2_4_hours,occasionally,4
yes,5,7,6,5,6,5,3,2,5,6,6,6,6,5,6,5,7,6,5,6,"There was an article with an AI generated photo that looked very real. But the quality was too good, the shapes were a bit too cartoony. Then I checked the comments and found out it was AI.",5,7,5,3,honesty;responsibility;human_wellbeing,25_34,woman,us,postgraduate_degree,self_employed,7_8_hours,often,6
yes,7,4,7,1,1,1,1,1,7,7,3,3,7,7,7,7,7,2,5,1,images in news articles,1,7,1,1,honesty;non_harm;transparency,35_44,non_binary,ca,postgraduate_degree,self_employed,lt_2_hours,occasionally,6
yes,6,7,6,5,5,4,2,3,5,5,2,3,6,3,4,2,7,5,6,4,you tube video about Trump felt fake,2,7,4,5,honesty;responsibility,55_65,man,uk,high_school,other,lt_2_hours,occasionally,6
yes,7,7,7,5,5,3,5,5,6,6,5,3,3,4,7,6,7,6,5,3,"I frequently see videos that make me question whether they're made using AI, so I'm suspicious when watching them",1,5,4,2,honesty;fairness;transparency,35_44,man,us,bachelors_degree,employed_full_time,7_8_hours,rarely,5
yes,6,7,6,5,4,4,6,4,6,7,6,4,4,5,6,6,5,6,5,4,"I didn't question it necessarily, but someone on TikTok asked an AI bot to create a song, and it sounded extremely well versed, and had quite human characteristics. It was a bit off putting to see that any artists nowadays could rely solely on artificial resources to create a facade of art that consumers blindly praise.",4,6,5,4,honesty;non_harm;transparency,18_24,woman,ca,bachelors_degree,not_currently_working,9_10_hours,rarely,6
yes,7,7,7,3,3,2,1,2,7,7,7,7,5,7,7,7,5,3,6,5,I recently saw a video on social media of an interview with a sports person saying some questionable things in the interview. It looked genuine and I almost believed it but after doing some further digging I found it to be artificially generated.,3,7,1,5,responsibility;non_harm;transparency,25_34,man,uk,bachelors_degree,employed_full_time,lt_2_hours,often,7
yes,7,7,6,6,6,5,4,4,3,5,4,6,3,4,7,6,7,4,4,6,Picture of a friend,5,7,5,5,honesty;respect;human_wellbeing,35_44,man,ca,high_school,self_employed,7_8_hours,everyday,6
yes,6,6,6,4,7,6,4,6,5,6,6,7,5,5,5,5,6,6,6,6,Most times I go on social media,4,6,4,4,honesty;respect;responsibility,45_54,man,nz,postgraduate_degree,employed_part_time,2_4_hours,sometimes,7
yes,7,7,7,6,6,6,5,4,7,6,6,6,7,6,7,6,7,7,6,6,"I saw a picture people were posting of actors next to each other that seemed too real, but people were saying it was just AI generated. So now I really don't know anymore if I can trust any picture I see at this point.",3,7,3,4,honesty;fairness;human_wellbeing,25_34,man,us,bachelors_degree,employed_part_time,5_6_hours,often,3
yes,6,6,6,5,5,5,3,3,6,4,4,5,6,4,5,5,6,6,5,6,I saw a video of an animal doing something that didn't seem possible,4,6,4,4,honesty;responsibility;non_harm,35_44,man,us,postgraduate_degree,employed_full_time,2_4_hours,rarely,6
yes,6,7,6,5,6,4,5,6,4,5,5,6,5,4,7,5,5,5,5,4,A video of a celebrity promoting a dieting product which had their name and voice over it,4,6,5,3,fairness;respect;responsibility,25_34,woman,uk,high_school,employed_full_time,7_8_hours,sometimes,5
yes,6,4,5,6,6,5,6,6,7,7,5,4,4,5,6,4,7,5,5,6,There was a video of bunnies jumping on a trampoline on a night-vision outdoor camera. It seemed real but I couldn't tell,2,7,5,3,honesty;empathy;non_harm,25_34,woman,ca,some_university_college,employed_part_time,11_12_hours,often,4
yes,6,7,6,3,4,5,7,4,7,6,5,5,4,4,6,5,6,6,6,5,"I saw a tiktok advertising a steam cleaner which had allegedly used AI to make the product look better, but it was difficult to see signs that pointed to AI being used",2,5,6,1,empathy;responsibility;human_wellbeing,25_34,woman,uk,postgraduate_degree,student,9_10_hours,never,5
yes,7,7,6,3,4,4,2,2,7,7,7,7,3,7,7,7,5,7,2,2,I seen a video of Donald Trump supposedly saying something controversial (as always) but on closer inspection it was a fake,6,7,5,6,honesty;fairness;transparency,35_44,man,uk,high_school,not_currently_working,gt_12_hours,everyday,2
yes,5,6,6,6,5,5,6,6,6,5,3,3,6,3,5,5,6,6,6,7,I was watching a video of a person walking her dog and there was an explosion.,3,5,6,4,human_wellbeing;non_harm;transparency,25_34,prefer_not_to_say,us,postgraduate_degree,employed_full_time,7_8_hours,often,5
yes,7,7,7,7,7,7,1,1,7,7,7,7,4,7,7,7,7,4,1,1,Mostly is difficult identify if a video is real or Ai generated.,5,7,3,5,honesty;non_harm;transparency,35_44,woman,ca,bachelors_degree,self_employed,gt_12_hours,everyday,7
yes,7,5,5,5,5,5,5,5,7,7,7,7,7,5,6,5,5,5,5,7,A video of a product that was for sale it looked very real and I had to spend time going over all the details to determine it was AI,6,6,2,6,honesty;human_wellbeing;transparency,35_44,man,us,some_university_college,employed_full_time,11_12_hours,everyday,6
yes,7,7,7,7,7,4,7,4,7,7,7,7,4,7,7,7,6,2,1,2,Nothing comes to mind. I'm usually able to spot these.,2,6,7,1,fairness;human_wellbeing;transparency,35_44,woman,ca,some_university_college,employed_full_time,gt_12_hours,everyday,2
yes,7,7,6,6,6,7,5,4,7,7,7,4,7,5,7,6,7,7,6,6,"I was watching a reel on InstaGram that was very interesting, but after a few minutes I could tell it was AI-generated.",6,6,1,6,honesty;non_harm;accountability,over_65,woman,us,bachelors_degree,employed_full_time,5_6_hours,sometimes,7
yes,5,6,5,5,5,4,3,3,5,4,4,6,5,5,4,5,5,6,4,7,news about the uk budget when it was released early on accident,5,7,5,5,honesty;fairness;non_harm,18_24,woman,uk,some_university_college,employed_part_time,5_6_hours,very_often,5
yes,6,6,6,5,6,6,5,4,6,6,5,5,6,6,6,5,6,6,5,6,"I saw a video on YouTube that looked unbelievable, and I questioned whether it was real. I had to check the comments to see if others thought the same.",4,5,6,5,honesty;human_wellbeing;transparency,25_34,man,uk,some_university_college,employed_full_time,11_12_hours,often,5
yes,6,7,7,5,5,6,4,5,7,7,5,5,7,4,6,5,7,7,7,7,Every day when scrolling in social media I come across videos that sound too outrageous to be real and I know they have to be AI generated and put up just to get views. I just move on or if it is something that could possibly be real sometimes I view it and see if it's a real person doing the talking or just an AI voice.,6,7,4,6,honesty;transparency;accountability,over_65,man,us,some_university_college,other,11_12_hours,often,7
yes,6,6,6,4,5,4,3,6,6,6,4,5,4,5,7,2,6,6,5,6,It was a video of an animal being rescued and eveything seemed genuine but it was literally an impossible feat when you looked at the physics closely.,2,6,2,4,honesty;non_harm;transparency,55_65,woman,uk,bachelors_degree,employed_part_time,7_8_hours,rarely,6
yes,6,7,7,5,6,3,4,6,7,7,5,7,4,6,7,5,7,7,6,7,Watching an alleged crime scene taking place on social media and it purporting to be live but it was clearly AI and fake but looked real in some instances.,5,7,2,5,honesty;responsibility;transparency,45_54,man,au,bachelors_degree,employed_full_time,7_8_hours,often,7
yes,5,7,6,5,6,5,2,4,6,6,4,5,4,4,5,4,6,6,5,3,"Quite often, more so now when scrolling through social media, and I find Facebook in particular is becoming more and more difficult to judge in terms of reality or AI generated content.",4,6,3,5,honesty;non_harm,45_54,woman,uk,bachelors_degree,employed_full_time,2_4_hours,sometimes,6
yes,7,7,7,6,5,5,5,6,6,7,5,3,6,5,6,7,7,7,3,5,There was a photo of JD Vance that looked so ridiculous I assumed it was artificial but had to check if it was real (it was real).,2,4,5,4,human_wellbeing;non_harm;transparency,35_44,man,uk,postgraduate_degree,self_employed,5_6_hours,often,3
yes,7,6,7,6,6,6,5,4,5,5,6,4,6,4,7,6,7,7,5,5,Listening to Billy Graham speak to the evils of Barak Obama the other day.,3,7,4,7,honesty;human_wellbeing;non_harm,55_65,man,us,some_university_college,self_employed,gt_12_hours,everyday,4
yes,7,6,6,5,6,6,4,4,7,7,5,6,7,5,7,5,7,6,6,7,Reading a news article online  I was dubious as to the authenticity because of the way it was worded so double checked with two other sources and found it to be false information. It was hard to tell at first glance though as there were images within the article that looked very real.,5,7,2,4,honesty;responsibility;non_harm,over_65,woman,uk,high_school,employed_full_time,5_6_hours,often,7
yes,5,6,6,5,4,5,5,4,7,6,5,6,4,5,6,5,7,6,5,6,A youtube video consisting an internet personality. The youtuber did something amazing but it was AI and not something they can do.,3,7,4,5,honesty;transparency;accountability,35_44,man,ca,postgraduate_degree,employed_full_time,7_8_hours,often,6
yes,6,7,7,5,5,4,5,3,7,7,5,6,7,5,7,6,7,7,5,7,I've listened to a couple of tracks on Spotify which I doubt were written by a human,1,6,5,3,human_wellbeing;transparency;accountability,45_54,man,uk,bachelors_degree,employed_full_time,5_6_hours,often,6
yes,6,5,6,2,3,6,5,5,5,4,3,2,6,5,7,5,6,2,1,5,A video clip of the budget - I was trying to remember the wording from the the speech on the radio and the clothing of the people behind the Chancellor on another site to check if it had been manipulated.,1,6,1,2,responsibility;human_wellbeing;non_harm,55_65,woman,uk,postgraduate_degree,not_currently_working,7_8_hours,rarely,6
yes,5,7,7,5,5,6,6,4,4,6,2,6,6,2,7,4,7,7,6,7,I was reading a news site and there was a link to another story involving a celebrity but the content didn't seem real and there were errors in it.  I didn't believe what was written as I thought it was fake.,5,6,5,4,honesty;human_wellbeing;non_harm,35_44,woman,uk,bachelors_degree,employed_full_time,7_8_hours,often,5
yes,5,7,7,7,6,7,5,4,2,4,2,3,5,2,5,4,6,6,4,3,A video reel on Facebook. I believed it but all the comments said it was AI,4,5,6,4,fairness;human_wellbeing;transparency,35_44,woman,uk,postgraduate_degree,employed_full_time,2_4_hours,sometimes,3
yes,6,6,6,6,5,4,4,5,6,6,6,6,5,5,5,5,5,6,6,5,I was watching a tiktok video of a rollercoaster ride that was a disaster but it turned out to be AI,6,6,4,5,honesty;responsibility;non_harm,18_24,man,uk,some_university_college,self_employed,7_8_hours,often,5
yes,6,7,7,6,5,6,5,7,6,7,5,7,6,7,7,5,7,7,7,6,"when there was news about how Karoline Leavitt's (White House Speaker) nephew's mom got detained by ICE, in America.",3,5,6,4,honesty;responsibility;transparency,25_34,woman,ca,bachelors_degree,employed_full_time,7_8_hours,very_often,6
yes,7,7,7,6,6,6,5,6,6,5,3,5,7,4,7,6,7,6,6,6,I watched a tiktok with animals in wild fighting I wasn't sure if it was real. it wasn't.,2,4,6,6,honesty;non_harm;accountability,25_34,woman,uk,postgraduate_degree,employed_full_time,gt_12_hours,everyday,4
yes,6,6,7,5,4,5,5,3,5,6,4,5,5,4,6,4,4,5,4,3,"A post online made me really emotional, but it turned out the story was fake. I know about that after reading the comment section and doing a little bit of research",5,5,6,5,fairness;respect;non_harm,25_34,woman,au,postgraduate_degree,employed_full_time,2_4_hours,very_often,6
yes,7,7,6,7,6,6,7,7,7,7,2,2,6,6,6,5,7,7,6,6,"It happened today!  I was watching an update from anti-Trump media group, The Lincoln Project, and for the last two days, I have been very suspicious that Rick Wilson's reports are AI.  He was such a vocal and animated guy and it seems as if his videos are now AI.  I will be very disappointed if I turn out to be right on this one.",6,2,4,6,honesty;responsibility;non_harm,55_65,woman,us,some_university_college,not_currently_working,gt_12_hours,very_often,1
yes,7,7,7,7,7,4,2,4,7,7,6,7,6,4,7,6,7,7,7,7,When I landed on a YouTuber's page then realized the voice was theirs but the video was AI.,1,7,1,1,fairness;responsibility;transparency,over_65,woman,us,some_university_college,employed_full_time,2_4_hours,rarely,7
yes,5,7,7,5,5,7,4,4,5,7,3,3,4,3,6,1,7,5,5,7,"I saw a picture of an influencer posing with a big celebrity, it looked so real I thought it was real at a glance",3,5,5,4,honesty;human_wellbeing;transparency,25_34,man,uk,bachelors_degree,employed_full_time,5_6_hours,occasionally,6
yes,7,3,7,6,6,2,5,5,7,7,4,6,2,5,7,6,7,6,7,5,When watching youtube videos about hollywood gossip,3,6,7,5,responsibility;non_harm;transparency,25_34,woman,ca,postgraduate_degree,employed_full_time,11_12_hours,everyday,2
yes,5,6,7,5,4,5,6,6,7,7,6,6,5,6,7,6,6,6,6,7,There was an advert that I felt seemed strange and made me wonder if it was AI,6,6,6,5,honesty;empathy;fairness,45_54,woman,uk,bachelors_degree,employed_full_time,7_8_hours,sometimes,5
yes,7,5,7,4,3,3,2,6,7,7,4,6,6,6,7,6,7,6,7,7,"Those stupid short videos.  It's showing up more and more in those videos.  The one I saw was with a moose or something.  As soon as I realized it was fake, I stopped watching.  I hate fake videos.",2,7,3,1,honesty;fairness;transparency,35_44,woman,ca,bachelors_degree,employed_full_time,2_4_hours,never,6
yes,6,7,4,2,2,5,2,3,5,5,3,6,6,6,7,5,6,6,2,6,On facebook there are videos of children being saved from bears by the family pet. I doubt that is real.,4,6,2,5,fairness;human_wellbeing;non_harm,55_65,woman,nz,postgraduate_degree,employed_part_time,5_6_hours,sometimes,6
yes,7,7,7,6,7,7,6,7,5,6,2,2,7,4,5,4,7,7,7,7,When I saw a short of Donalt Trump talking. It seemed something was a bit off but could not tell for sure if it was real or AI.,6,6,2,6,honesty;non_harm;transparency,55_65,man,us,some_university_college,employed_full_time,2_4_hours,sometimes,5
yes,5,6,6,5,5,6,6,5,5,6,7,5,6,5,6,5,6,5,6,5,I saw a video of a heron behaving in a human like way,2,4,5,4,honesty;fairness;responsibility,25_34,man,us,postgraduate_degree,employed_full_time,5_6_hours,never,5
yes,5,7,6,3,4,3,4,5,7,5,4,4,5,6,7,4,7,7,5,7,When looking at videos for supposed news articles on social media,4,6,3,4,honesty;non_harm;accountability,35_44,man,uk,bachelors_degree,employed_full_time,5_6_hours,often,6
yes,7,7,6,6,7,7,4,5,5,7,4,5,5,4,3,3,6,6,4,6,"On Facebook, a lot of random posts come up on my feed. Some of these are about celebrities who have said or done certain things. I usually check the comments to see if others think it is real or fake as it can be difficult to tell.",4,6,4,3,honesty;respect;human_wellbeing,35_44,woman,uk,some_university_college,employed_part_time,2_4_hours,rarely,6
yes,5,7,7,5,3,4,6,6,6,6,5,3,5,4,6,5,7,4,2,4,"I was looking at a picture of some monkeys and some of their bodies looked odd so I thought it might be AI, then I realized one of the monkeys was actually sitting on a smaller one.",1,4,5,1,honesty;non_harm;accountability,35_44,woman,ca,bachelors_degree,self_employed,7_8_hours,never,4
yes,5,5,5,6,5,6,4,5,5,4,5,6,5,6,5,5,4,5,4,6,News about Budget 2025 and possible tax rises,4,5,4,5,respect;non_harm;transparency,35_44,man,uk,postgraduate_degree,employed_full_time,7_8_hours,everyday,5
yes,6,7,7,5,6,4,5,6,5,6,4,5,6,4,7,5,7,6,5,6,I saw a video on YouTube about a man rescuing a wolf from a frozen lake and how he helped the wolf get back to health. At first it looked real (and amazing) but looking closer I realised it wasn't quite right. The comments on the video confirmed other viewers thought it was fake AI too.,3,6,5,3,honesty;transparency;accountability,45_54,woman,uk,high_school,employed_full_time,2_4_hours,often,4
yes,6,6,5,5,6,5,5,5,7,5,5,5,5,3,6,5,6,6,5,5,When I watched a video on tiktok and I wasn't sure if the bear was real,4,5,6,5,honesty;fairness;transparency,25_34,man,uk,bachelors_degree,employed_full_time,2_4_hours,occasionally,6
yes,7,7,7,6,6,6,6,7,7,7,6,6,6,5,7,5,7,6,6,7,I always question whether the stupid things Donald Trump says are just completely stupid pr AI.,2,6,6,2,honesty;empathy;non_harm,35_44,woman,uk,bachelors_degree,employed_full_time,2_4_hours,occasionally,1
yes,5,6,6,5,6,5,5,3,5,5,6,5,3,5,5,4,5,5,4,4,A lot of videos or pictures that are on social media are very questionable if they are real or AI.,4,6,2,5,honesty;transparency;accountability,45_54,woman,us,high_school,not_currently_working,9_10_hours,very_often,3
yes,5,5,6,2,2,5,2,2,6,6,6,6,2,6,6,6,3,2,5,5,An article in an online newspaper that seemed poorly written. It also had an inconsistent story.,2,6,2,2,honesty;fairness;transparency,45_54,man,uk,bachelors_degree,employed_full_time,2_4_hours,rarely,5
yes,5,6,7,2,2,4,3,3,6,6,3,3,6,5,7,6,6,5,2,5,"I saw a clip of a Trump speech where he was telling a sex joke to assembled Boy Scouts, and I wasn't sure if it was real or fake. It seemed very inappropriate, but with Trump sometimes saying wild things in inappropriate contexts anyway, it seemed very plausible.",2,5,4,3,human_wellbeing;non_harm;transparency,35_44,man,us,bachelors_degree,employed_full_time,5_6_hours,occasionally,5
yes,5,6,6,5,5,6,5,6,4,5,3,3,6,3,4,3,6,6,4,5,It was a video on Instagram in which President Donald Trump made fun and mocked President Zaleski of Ukraine. The images of the men were highly realistic but the content seemed unlikely- so I wondered if generative AI was responsible for its creation.,4,4,5,5,honesty;non_harm;transparency,55_65,man,uk,bachelors_degree,employed_full_time,9_10_hours,often,6
yes,7,7,7,5,7,7,7,7,6,5,2,5,6,1,6,1,7,7,6,7,"On Instagram an article seemed so far fetched, I could not be sure if it was real or fake.",2,7,6,1,honesty;non_harm;transparency,45_54,woman,uk,other,not_currently_working,2_4_hours,never,3
yes,6,7,7,5,5,5,5,5,6,5,2,4,5,3,7,3,7,7,4,4,"A video supposedly generated by Trumps' team, just ridiculous",2,7,5,2,honesty;responsibility;non_harm,over_65,woman,uk,bachelors_degree,not_currently_working,5_6_hours,never,4
yes,7,7,7,5,6,7,5,7,7,7,4,6,7,5,7,5,7,7,5,4,I saw a clip of Rachel Reeves talking in parliament but I was unsure if it was or somebody had manipulated the audio.,3,7,4,4,honesty;fairness;transparency,25_34,man,uk,some_university_college,employed_full_time,7_8_hours,occasionally,5
yes,7,6,7,5,5,4,5,3,6,6,5,5,5,6,7,7,6,6,6,7,"The most recent moment I recall was a music track that I was listening to online, by an unknown artist. As I was listening to this track, I realized that it may have been completely AI generated and was not labelled as such.",3,7,5,3,honesty;responsibility;non_harm,45_54,man,uk,postgraduate_degree,employed_full_time,5_6_hours,everyday,6
yes,6,6,5,3,3,4,6,2,7,6,5,6,4,7,7,5,4,5,4,6,"I saw a photo on social media that included a famous footballer with a cast on, and text written on the picture that claimed he had been injured. I questioned it because I hadn't seen the news reported anywhere else, and the account that posted it was a random, small, unverified poster.",5,3,2,5,honesty;non_harm;transparency,35_44,woman,uk,bachelors_degree,employed_part_time,7_8_hours,often,5
yes,7,6,5,3,2,4,4,6,4,6,4,4,4,4,7,5,5,5,4,5,I saw a video online about extreme weather in another country and I had to look at BBC to see if it was true or not,4,4,3,4,fairness;non_harm;transparency,25_34,woman,uk,bachelors_degree,employed_full_time,2_4_hours,often,3
yes,7,7,6,7,7,4,7,7,6,5,5,6,6,4,4,5,4,6,7,7,a video of a dog and a squirrel playing,4,6,5,4,honesty;human_wellbeing;transparency,35_44,woman,ca,some_university_college,employed_full_time,5_6_hours,often,6
yes,7,7,6,5,4,2,4,2,7,6,6,7,5,6,7,6,7,7,6,7,"It was an advert for a well known perfume brand, the way the people moved in the advert seemed odd, especially when you focused on one particular person.  It made me question whether the advert was real or AI generated at least in part.",4,6,2,4,human_wellbeing;non_harm;accountability,45_54,woman,uk,other,self_employed,5_6_hours,everyday,5
yes,7,7,7,7,5,7,7,7,6,6,1,6,6,1,7,3,7,7,6,6,I saw a real estate advertisement. The images of the property were spectacular. Did a driveway of the address and the house was still being built!,1,6,6,1,honesty;responsibility;accountability,45_54,woman,au,postgraduate_degree,not_currently_working,2_4_hours,never,6
yes,6,6,6,4,3,4,4,6,7,7,6,5,7,5,6,6,7,7,6,7,When trying to find information on traffic advisories in my area there were at least 9 articles using AI with incorrect or incomplete information that negatively affects my work day,2,3,4,3,fairness;transparency;accountability,18_24,woman,ca,less_than_high_school,employed_full_time,9_10_hours,often,5
yes,5,7,7,3,3,3,5,2,7,7,7,6,3,6,7,7,7,6,5,6,A time I questioned if something was real or AI was when I was watching tiktok and was not sure if a video about a political leader was real or AI,6,7,2,6,honesty;responsibility;transparency,18_24,man,au,high_school,employed_full_time,2_4_hours,very_often,6
yes,6,5,6,6,5,5,2,5,6,5,3,4,5,5,6,5,5,5,5,5,"I saw a video on Instagram, an old man was saying strange things. It looked real, but it was AI.",5,5,5,5,honesty;transparency,35_44,woman,uk,postgraduate_degree,employed_full_time,7_8_hours,often,5
yes,7,7,6,2,6,5,2,1,6,7,6,7,6,7,7,7,6,1,7,6,never,5,6,2,3,fairness;human_wellbeing;transparency,over_65,woman,us,some_university_college,self_employed,11_12_hours,rarely,3
yes,6,5,5,3,5,4,6,6,7,6,5,5,4,6,7,5,5,6,6,6,"Watching an octopus play ""piano"" ends up it was actually real.",4,7,5,6,honesty;transparency;accountability,55_65,man,ca,bachelors_degree,other,2_4_hours,sometimes,7
yes,6,6,7,6,6,5,6,4,6,5,6,7,5,4,6,3,6,6,6,7,A dodgy looking email.,5,6,6,5,fairness;human_wellbeing;transparency,55_65,woman,uk,some_university_college,not_currently_working,5_6_hours,sometimes,5
yes,3,3,5,2,3,3,2,2,3,3,2,6,5,3,7,5,5,7,6,7,"I would say 30% of the videos on Instagram now are made by ai. I was looking at some nature videos that were amazing, but it said it was made with AI and I didn't know. I also saw a cover song by one of my favorite artists but it was a completely fake ai video that looked like a real lady in the thumbnail",6,6,2,6,honesty;respect;non_harm,35_44,man,us,high_school,employed_full_time,5_6_hours,often,5
yes,4,5,7,4,4,5,5,6,6,7,5,5,6,5,6,6,7,5,4,6,There were deepfakes of celebrities doing questionable acts. I thought it was rather suspicious because they would usually never do this and it turns out it was deepfaked.,6,4,5,4,honesty;responsibility;transparency,25_34,man,us,bachelors_degree,not_currently_working,7_8_hours,often,6
yes,5,6,6,5,3,4,5,4,6,6,5,5,5,7,7,7,6,6,5,5,An image on Twitter where I wasn't sure if it was a photo or AI generated.,5,5,5,3,human_wellbeing;non_harm;transparency,55_65,man,us,postgraduate_degree,employed_full_time,7_8_hours,sometimes,5
yes,5,3,3,6,3,3,2,3,6,6,5,4,4,5,3,5,5,3,4,4,There are songs being made and they can be hard to tell if its AI voiced or real.,4,5,3,5,fairness;non_harm;accountability,18_24,man,us,some_university_college,employed_full_time,9_10_hours,occasionally,3
yes,7,7,7,7,7,7,7,7,5,5,3,3,7,1,7,4,7,7,7,7,I saw a car crash on Youtube that turned out to be AI generated,4,7,4,5,non_harm,55_65,woman,us,some_university_college,not_currently_working,2_4_hours,rarely,7
yes,5,4,6,3,4,4,2,2,5,5,3,6,4,5,6,6,4,6,5,2,Some ads on YouTube are definitely AI but some I'm not so sure about.,3,5,2,4,honesty;responsibility;accountability,35_44,man,us,bachelors_degree,employed_full_time,5_6_hours,rarely,5
yes,7,4,6,3,3,4,4,5,5,6,4,6,3,6,7,6,3,4,5,6,"A recent advertisement that looked to me as though the people in it were AI generated, but couldn't be certain if it was fully or partly AI.",1,6,4,2,fairness;human_wellbeing;transparency,35_44,woman,uk,bachelors_degree,employed_full_time,lt_2_hours,rarely,5
yes,6,5,6,4,5,3,4,3,6,5,5,6,5,5,4,5,6,5,4,6,"I saw a Reddit post from an agitator, then I checked their profile and it was almost certainly AI-generated.",5,4,2,5,honesty;human_wellbeing;non_harm,25_34,man,us,some_university_college,student,gt_12_hours,everyday,4
yes,7,6,7,7,5,6,4,2,7,6,5,6,6,3,7,6,7,6,6,6,"I recently saw a video of a girl doing a handstand in front of a gorilla in a zoo. The next thing the gorilla copied her and did a handstand.  Hard to tell if its real or fake.  Like I have seen similar videos in similar enclosure setting before, so some of the video could be real but the other parts not so much. But I am not sure.",5,6,6,4,honesty;non_harm;transparency,45_54,man,au,bachelors_degree,self_employed,9_10_hours,very_often,4
yes,4,6,7,3,3,5,2,1,7,5,4,3,5,3,7,5,6,5,2,7,A video on social media where the skin looked far too smooth,2,4,6,4,honesty;non_harm;transparency,35_44,woman,au,bachelors_degree,employed_part_time,5_6_hours,often,6
yes,6,6,7,5,3,3,5,6,7,7,6,4,6,4,6,5,7,5,7,7,"A media post was posted by the President of the United States, and he seemingly played soccer with Christiano Ronaldo in the white house. It was hard to determine if it was fake",4,6,3,4,honesty;non_harm;accountability,35_44,man,ca,bachelors_degree,employed_full_time,9_10_hours,everyday,6
yes,7,7,7,6,5,6,6,4,7,7,6,7,5,7,7,6,7,6,7,7,A realistic instagram reel,6,7,7,6,honesty;empathy;responsibility,18_24,man,ca,some_university_college,self_employed,11_12_hours,often,6
yes,7,7,7,2,1,4,3,2,2,7,2,5,7,6,7,7,7,7,7,6,A youtube podcast featuring Barack Obama did not say it was AI generated and I did not immediately know it was faked,4,7,4,4,honesty;responsibility;transparency,over_65,man,uk,bachelors_degree,self_employed,2_4_hours,sometimes,5
yes,5,6,6,5,2,3,2,2,6,6,6,6,3,5,5,6,6,4,3,4,Various videos in online places such as social media,5,5,5,4,honesty;responsibility;transparency,18_24,man,nz,some_university_college,student,9_10_hours,sometimes,4
yes,5,6,5,4,5,4,5,3,6,5,6,6,5,5,6,6,5,5,4,5,"There was a photo of a bear sitting on a bench, and I absolutely questioned if it was AI, even though it ended up being real.",4,6,6,3,honesty;fairness;non_harm,18_24,man,us,some_university_college,student,9_10_hours,very_often,5
yes,7,7,7,7,7,6,4,7,7,7,5,7,6,5,7,5,7,7,5,4,It was a video on FB where someone was claiming that a celbrity was endorsing a product,1,7,4,1,honesty;non_harm;transparency,55_65,woman,ie,some_university_college,employed_part_time,2_4_hours,occasionally,7
yes,6,7,7,6,5,5,5,4,5,5,4,4,5,4,6,4,6,6,6,6,N/a,3,5,6,3,honesty;respect;non_harm,35_44,man,uk,some_university_college,employed_full_time,2_4_hours,occasionally,3
yes,6,6,5,3,5,4,2,2,5,3,4,5,7,5,1,1,5,6,4,7,When scrolling instagram and tiktok i always see videos that look a bit bizzard and makes me questions it is ai,3,6,3,2,honesty;human_wellbeing;transparency,18_24,man,ie,some_university_college,student,5_6_hours,rarely,7
yes,7,5,5,7,5,5,3,5,5,5,5,5,5,5,3,5,4,5,3,4,Seeing a pic of a celebrity passing away when it turns out that they were very much alive and it was AI,4,4,4,4,honesty;fairness;transparency,35_44,woman,uk,postgraduate_degree,employed_full_time,9_10_hours,sometimes,5
yes,3,6,5,3,4,5,4,2,6,6,6,4,5,7,6,5,6,5,6,7,Looking at models and being informed that some of the images were purely A.I.. I was shocked at the quality and accuracy.,6,4,3,6,honesty;responsibility;transparency,35_44,man,uk,bachelors_degree,employed_full_time,2_4_hours,often,4
yes,5,3,2,3,4,2,2,4,5,6,6,6,5,7,6,5,6,3,4,4,"A recent moment where I questioned whether something online was real happened when I saw a short video of a woman giving travel tips in a city I know well. At first it looked totally normal — good lighting, casual street noise, and a very natural speaking style. But the longer I watched, the more small things felt off: her mouth movements didn't perfectly match the audio, the shadows on her face didn't change as she turned, and a couple of people in the background seemed to walk in oddly repeated patterns. I paused the video and realized it was likely AI-generated. It wasn't obvious at first glance, but something about the subtle “smoothness” of the whole scene made me second-guess it. It was one of those moments where you realize how hard it's becoming to tell what's real online.",6,7,2,5,fairness;responsibility;accountability,35_44,man,uk,bachelors_degree,employed_full_time,2_4_hours,sometimes,7
yes,6,6,6,6,6,5,7,6,7,6,4,5,5,5,7,5,6,7,7,7,A image of a dog saving a cat during the Thailand floods.,3,2,5,2,honesty;fairness;responsibility,25_34,woman,au,some_university_college,other,5_6_hours,rarely,3
yes,6,5,7,3,2,3,2,1,7,7,5,4,5,7,7,4,5,6,1,3,"Not so much questioned as immediately suspicious of football content posted on X and Insta where it would appear that footballers and football managers are responding to interview questions (in a way that laughs at Liverpool FC) but the image (lips, expressions) and audio (strange idioms, out of sync) are clearly iffy; I just close the post, don't bother with the content, as it's usually supremely unfunny",1,7,1,2,honesty;fairness;accountability,55_65,man,uk,postgraduate_degree,employed_part_time,5_6_hours,rarely,5
yes,6,5,6,6,5,5,6,5,6,6,4,5,6,5,6,6,6,5,6,6,I saw a TikTok of a slime video that looked very real. Slime can be very colorful and unique so it's harder to tell when it's real or fake. I had to focus on the hand in the video to confirm if it was real or artificially generated.,2,5,5,5,honesty;human_wellbeing;non_harm,25_34,woman,us,bachelors_degree,employed_full_time,9_10_hours,rarely,5
yes,6,7,7,7,7,7,7,7,5,4,7,6,7,7,7,7,7,7,7,7,"A month ago while I was researching on some thesis om climate change for an academic paper for my friend, I  came across an aricle accompanied by photographs depicting unusually dramatic environmental phenomena which looked legit but upclose inspection several factors raised my doubts on the photographs. AI  generated images tend to have uunatural lightings and pixel distortions.",5,7,7,4,non_harm;transparency;accountability,25_34,woman,us,postgraduate_degree,employed_full_time,2_4_hours,everyday,5
yes,7,7,7,5,5,5,5,5,6,6,4,5,5,4,7,6,7,5,5,6,picture of justin trudeau and katie perry on a yacht,1,5,5,1,honesty;non_harm;transparency,45_54,woman,ca,bachelors_degree,employed_full_time,11_12_hours,never,5
yes,6,6,6,5,4,5,4,6,6,6,4,4,5,5,7,5,7,6,5,7,I watched a youtube short of Mohammed Ali dancing on Soul Train which fooled me for a minute but then I realised it was fake but I had to check the comments to be sure. I don't do social media much so I'm not exposed to the storm of AI generated stuff on tic Tok etc but I do think its gettin harder to tell the difference now. Also I've done some studies on prolific training AI models (I can't write about anything specifically) and some of the things they can do with video now are very realistic and I would struggle to know the difference to be honest.,5,6,5,5,responsibility;human_wellbeing;non_harm,55_65,man,uk,some_university_college,employed_full_time,5_6_hours,sometimes,5
yes,5,6,6,4,4,5,5,3,6,6,5,5,5,5,5,4,6,4,2,5,It is hard to think of a specific example...,4,6,2,4,honesty;responsibility;accountability,45_54,man,uk,postgraduate_degree,employed_full_time,2_4_hours,often,4
yes,6,6,6,4,5,5,4,4,6,6,5,5,6,5,6,5,6,5,6,6,"I saw a viral video of a politician saying something outrageous. The voice sounded slightly robotic and the lip-sync was off, making me suspect it was a deepfake. I checked a reputable news site and found it was indeed AI-generated.",3,6,5,3,fairness;transparency;accountability,35_44,man,uk,postgraduate_degree,employed_full_time,9_10_hours,often,6
yes,7,7,7,7,7,7,1,4,7,7,5,5,5,4,7,4,7,6,6,7,When politicians say things they are at a cross purposecwith their party or policy.,4,7,5,4,fairness;non_harm;transparency,55_65,man,uk,bachelors_degree,employed_full_time,5_6_hours,sometimes,7
yes,7,6,7,5,7,6,5,6,6,5,3,6,4,3,3,6,7,6,4,5,The videos that were showing Iran's attack on Israel. The effect was too much exaggerated,5,7,6,6,fairness;respect;human_wellbeing,25_34,woman,us,bachelors_degree,employed_full_time,5_6_hours,sometimes,5
yes,5,6,7,6,5,6,6,5,7,7,5,6,5,4,7,5,7,6,5,6,A news article,4,7,4,5,honesty;non_harm;transparency,45_54,woman,uk,bachelors_degree,employed_full_time,2_4_hours,often,6
yes,5,7,6,6,6,6,4,3,2,3,2,3,6,3,5,2,5,6,4,6,When a video of Donald Trump saying something outrageous like hanging the Democrats,5,6,4,5,honesty;respect,35_44,man,ca,high_school,employed_full_time,9_10_hours,sometimes,6
yes,6,4,5,3,3,4,3,2,7,7,5,4,6,5,7,5,5,5,5,7,AI videos that keep getting reposted by Republicans.,4,6,2,4,honesty;transparency;accountability,45_54,man,ca,bachelors_degree,employed_part_time,5_6_hours,sometimes,3
yes,5,7,7,5,6,4,7,2,6,4,5,6,5,3,5,6,7,6,7,7,"I saw an AI generated video that purported to be from financial expert Martin Lewis. I thought the content seemed a little odd, but it looked very realistic. I eventually noticed his mouth was moving a little weirdly and I confirmed it was AI.",2,5,7,3,responsibility;non_harm;transparency,25_34,non_binary,uk,postgraduate_degree,employed_full_time,5_6_hours,sometimes,5
yes,5,6,7,6,6,6,5,5,6,6,4,5,6,5,7,6,6,6,5,7,I saw a post on LinkedIn where I couldn't tell if the post and poster were real or AI generated and I also couldn't tell if the subject in the video they reposted was real or AI generated. Since many people use filters and effects it's difficult to tell if videos are real or not.,5,6,4,6,honesty;non_harm;transparency,45_54,woman,uk,postgraduate_degree,employed_full_time,5_6_hours,very_often,6
yes,5,5,6,5,5,5,5,4,5,4,4,5,6,5,5,5,6,6,4,6,I saw a video and was showing my husband that I thought was real. It was crazy the quality and how real it looked,3,5,4,5,non_harm;transparency,45_54,woman,us,bachelors_degree,employed_full_time,5_6_hours,sometimes,4
yes,5,7,6,5,6,7,6,4,5,5,1,6,7,1,6,1,7,7,5,7,Watching social media clips of a talking parrot. I was unsure whether it was real or AI generated. I previously would have assumed it was real but the talking was too good/funny and one of my children explained that it was artificially generated. This has made me question other related clips.,3,7,7,2,fairness;transparency;accountability,45_54,woman,uk,bachelors_degree,not_currently_working,2_4_hours,very_often,7
yes,5,7,7,6,5,5,6,4,6,6,5,5,4,6,6,5,7,6,5,7,A advertisement stated that Tai Chi helps age of over 50 people look better and younger. It features male and female models to explain of the effect. I could not tell these individuals are really people or AI generated images.,5,7,6,4,empathy;human_wellbeing;transparency,45_54,woman,us,bachelors_degree,employed_part_time,5_6_hours,everyday,6
yes,6,6,7,6,5,6,7,6,3,6,5,7,6,6,7,6,7,6,6,6,I was watching Youtube only for a video to have been heavily edited and made to sounds like somehing completely different,2,6,6,6,honesty;fairness;transparency,35_44,woman,uk,postgraduate_degree,employed_full_time,7_8_hours,occasionally,6
yes,7,7,7,7,7,7,7,7,7,7,4,7,7,3,7,4,7,7,7,7,Watching videos on TikTok which seemed unlikely,1,1,4,1,honesty;transparency;accountability,55_65,woman,uk,high_school,employed_full_time,2_4_hours,occasionally,1
yes,6,7,7,5,6,5,6,4,7,7,5,6,7,6,7,5,6,6,7,7,There was a video of a old lady getting hit with a bean bag gun. At first it looked real but i've noticed that the voice was  not synced and  the comments below also believe that the video was AI made.,4,5,5,6,respect;responsibility;human_wellbeing,35_44,man,ca,high_school,not_currently_working,7_8_hours,often,4
yes,1,1,7,1,1,1,1,1,4,4,7,7,4,7,5,5,7,7,7,7,A news article about Trump's plans to improve America,1,7,4,1,honesty;fairness;human_wellbeing,45_54,woman,us,bachelors_degree,employed_full_time,gt_12_hours,sometimes,7
yes,7,6,6,6,6,6,6,5,6,7,6,5,6,7,6,6,6,6,6,5,I saw a cat photo today which was very similar to one of the Turkish star`s face. We talked with my husband and decided it is fake,6,6,7,6,fairness;responsibility;transparency,25_34,woman,uk,postgraduate_degree,employed_full_time,2_4_hours,everyday,6
yes,7,7,5,3,4,5,2,4,7,7,5,5,4,5,6,3,5,6,1,4,I watched a YouTube video where a Siberian tiger came up to someone's front porch and the dog chased it off which I believe was an AI video but I can't say for sure.,4,5,2,5,honesty;human_wellbeing;non_harm,55_65,man,ca,some_university_college,not_currently_working,7_8_hours,occasionally,4
yes,6,6,7,4,3,4,2,2,6,6,7,5,3,6,7,5,7,5,4,3,Saw a video on TikTok of a dog playing and running around and it was difficult to tell if it was real or not.,3,6,5,5,transparency;accountability,25_34,woman,uk,postgraduate_degree,employed_full_time,2_4_hours,often,6
yes,6,5,7,4,3,3,4,4,7,5,6,6,6,5,7,5,5,6,7,7,I was doom scrolling on Twitter the other day and I saw a video of a bear in a convenience store eating a jar of honey. I thought it was funny and cute but it turns out it was AI.,2,3,4,2,non_harm;transparency;accountability,25_34,man,us,bachelors_degree,employed_full_time,2_4_hours,very_often,5
yes,5,6,7,5,3,4,6,5,6,7,5,6,6,6,6,5,7,6,7,7,"I was scrolling on Instagram when I saw a reel about a hockey goalie talking in a post-game interview, and he was using some pretty dismissive language, and it turns out that the speech was AI generated, it was a voiceover",3,5,4,5,honesty;responsibility;non_harm,25_34,man,ca,bachelors_degree,employed_full_time,2_4_hours,sometimes,5
yes,7,7,7,6,7,6,5,6,7,5,3,3,4,3,5,3,6,7,7,6,A video i saw online i could not tell if it was real or ai,1,6,4,5,transparency,35_44,woman,uk,bachelors_degree,employed_part_time,2_4_hours,sometimes,6
yes,6,5,6,4,4,3,5,5,7,7,6,5,5,5,7,6,6,5,6,5,"Recently there was an image of Rihanna and a young girl trending. The young girl looks like Rihanna, and they had taken a selfie together. I really questioned whether it was AI or not.",5,6,5,4,human_wellbeing;non_harm;transparency,45_54,woman,us,postgraduate_degree,employed_full_time,2_4_hours,very_often,5
yes,6,7,7,5,2,4,1,4,7,7,6,7,6,6,7,6,7,7,5,5,"That was when I recently watched a online video and the person talking to the camera didn't look like, move or talk like a real human being and I was questioning myself if it was real or artificially generated.",6,7,1,7,honesty;non_harm;transparency,45_54,man,uk,high_school,employed_full_time,2_4_hours,sometimes,7
yes,4,7,7,4,4,4,4,1,7,7,5,6,7,6,7,6,4,3,4,4,The other day with the Hong King high rise fires.,4,7,6,5,honesty;human_wellbeing;transparency,45_54,man,us,bachelors_degree,employed_full_time,5_6_hours,everyday,5
yes,6,6,6,6,6,5,4,2,5,5,4,5,5,4,6,5,6,4,5,5,a video of a dog protecting a baby,5,5,1,5,fairness;respect;non_harm,55_65,woman,uk,some_university_college,not_currently_working,7_8_hours,rarely,7
yes,7,5,6,3,5,4,2,1,5,5,5,6,5,5,6,4,5,5,4,6,I was watching a podcast and some of the people were obviously synthetic and AI generated,5,6,4,4,honesty;human_wellbeing;transparency,55_65,man,uk,some_university_college,not_currently_working,2_4_hours,never,6
yes,7,7,7,7,7,7,4,5,5,4,3,4,6,4,5,4,6,7,7,7,"when i saw an advert on Facebook, the characters did not look real",1,4,3,1,honesty;non_harm;accountability,over_65,man,uk,some_university_college,not_currently_working,7_8_hours,sometimes,4
yes,6,6,7,4,5,3,3,2,7,7,6,6,5,6,7,7,5,5,5,6,Watching an influencer on YouTube and wondering how altered their appearance was. There was definitely a filter. The person may have been completely AI.,4,6,4,3,honesty;fairness;responsibility,45_54,man,us,some_university_college,employed_full_time,2_4_hours,very_often,5
yes,7,7,7,5,6,6,5,7,6,6,3,4,7,4,7,6,7,7,7,7,Looking at what investments are recommended given that a high number of fack information and data is presented and a lot of people are using AI to decive,3,7,6,4,honesty;non_harm;accountability,55_65,man,uk,postgraduate_degree,employed_part_time,2_4_hours,everyday,5
yes,6,7,7,7,6,7,6,6,7,7,2,2,6,3,7,5,7,7,7,6,I like to look at art on social media a lot. I recently found a new artist and was struggling to find if they were a real artist or were using AI 'art'.,1,6,5,2,responsibility;non_harm;transparency,18_24,woman,uk,high_school,not_currently_working,7_8_hours,never,2
yes,7,7,7,6,6,7,6,5,7,7,4,4,7,5,7,6,7,7,7,7,Today I watched a music video uploaded on YouTube. It was a quartet and I was doubtful of the singers. I wasn't sure whether they were real or face.,5,6,7,5,fairness;transparency;accountability,35_44,woman,us,postgraduate_degree,employed_full_time,gt_12_hours,everyday,5
yes,5,7,7,7,5,6,6,4,7,7,5,4,7,3,5,4,7,7,6,4,A photo that looked too perfect,4,7,5,2,responsibility;human_wellbeing;accountability,35_44,woman,uk,bachelors_degree,not_currently_working,7_8_hours,very_often,4
yes,6,7,7,3,2,4,5,6,6,6,4,3,5,7,7,7,7,1,3,4,"An online friend of mine (who I know is real) recently sent me a video saying basically, ""OMG this looks so terrible. My heart breaks for these people."" It was of an earthquake in Japan and while it looked real, I checked the news and there was nothing about it in my news sources. I then checked the comments on the video and found out people from that area of Japan were saying the whole video was AI. My friend was horrified when I told her.",2,6,3,3,honesty;responsibility;transparency,55_65,woman,nz,bachelors_degree,self_employed,9_10_hours,occasionally,6
yes,6,7,6,6,5,4,5,6,6,6,5,6,4,6,6,4,6,6,6,5,When I saw a fake photo of Donald Trump with a woman in between him and Jeffrey Einstein,4,6,5,5,fairness,25_34,woman,us,bachelors_degree,employed_full_time,2_4_hours,often,6
yes,6,4,6,5,5,3,4,2,7,7,7,6,4,6,7,6,6,4,4,3,I saw a video of President Trump and Cristiano Rolando in the oval playing ball.,5,6,6,6,responsibility;non_harm;accountability,45_54,man,us,postgraduate_degree,employed_full_time,2_4_hours,sometimes,7
yes,7,7,7,7,5,5,7,4,7,7,7,6,6,6,3,6,7,7,7,7,the latest was a video on Facebook where I honestly couldn't tell if it was real or AI it was the interactions between a baby and a dog,4,6,6,6,non_harm;transparency;accountability,35_44,woman,ca,postgraduate_degree,employed_full_time,7_8_hours,everyday,6
yes,7,7,7,6,6,7,7,6,6,6,6,6,5,5,7,4,7,7,7,7,A video of Trump giving a speech. This is not helped by the fact Trump is a compulsive liar and reliable institutions like the BBC are manipulating non AI material to deceive their audiences.,2,7,4,1,honesty;fairness;accountability,over_65,man,uk,some_university_college,not_currently_working,5_6_hours,occasionally,6
yes,6,7,5,2,2,3,2,3,6,7,6,6,5,6,7,6,6,5,5,7,I saw this ad online that had the prime minister supporting bitcoin. I knew it couldn't be true. It looked real but there were some discrepancies with his skin tone. I couldn't find this message anywhere else also.,6,7,2,7,empathy;human_wellbeing;transparency,25_34,woman,ca,some_university_college,employed_part_time,5_6_hours,everyday,6
yes,6,5,5,6,3,3,6,2,6,7,6,7,5,6,7,7,6,7,6,5,"I watched a short video on twitter, of a tourist woman in Africa taking a picture with her arm stretched out of the vehicle and a lion ran up and dragged her out of the vehicle. It was one of the best AI videos I have ever seen. Almost had me fooled.",4,6,5,4,honesty;responsibility;human_wellbeing,55_65,man,ca,some_university_college,employed_part_time,11_12_hours,very_often,5
yes,5,6,7,5,5,5,5,3,6,7,6,6,7,7,7,7,7,5,5,7,"Recent videos on Tiktok showing wild animal interaction with humans. It is not uncommon to see a human playing with a lion or a bear but in such cases, there have been bonds formed between both parties over time but these days, you see videos of people who just encounter a wild animal for the first time and they start cudling and playing like they are best friends.",6,6,3,6,honesty;human_wellbeing;transparency,35_44,man,us,postgraduate_degree,employed_full_time,9_10_hours,everyday,6
yes,5,4,5,6,5,5,5,6,4,5,6,5,5,4,6,5,4,5,4,4,I saw a car crash video on IG recently and it was hard to tell if it was real or not.,3,4,4,2,fairness;non_harm;transparency,25_34,man,us,bachelors_degree,employed_full_time,5_6_hours,sometimes,6
yes,6,7,6,5,4,3,5,2,7,6,3,3,5,5,7,6,7,7,7,6,I saw a video of a celebrity I casually follow. I was not sure if it was real or not and had to check official pages. It looked real but also...generated.,1,5,4,1,empathy;respect;accountability,25_34,woman,us,bachelors_degree,self_employed,2_4_hours,occasionally,4
yes,5,4,1,1,1,1,1,1,7,7,7,7,4,7,7,7,7,4,2,7,"I saw an online article which I thought was real, but then when looking at the images, the fingers and thumbs were joined together and t realised then it was AI",5,5,7,7,non_harm;transparency;accountability,45_54,woman,uk,bachelors_degree,employed_full_time,11_12_hours,everyday,6
yes,6,6,6,2,2,4,5,1,7,7,5,3,5,6,7,7,7,7,5,4,"I saw a post on X (formerly Twitter) in which a woman was standing next to a very tall, intricate and impressive wood sculpture of what looked like a cathedral. Now I suspected this that this image was AI generated, and it turns out that in fact it was. But someone was trying to pass it off as real for the sake of engagement farming.",5,7,3,4,responsibility;transparency;accountability,over_65,woman,us,bachelors_degree,self_employed,gt_12_hours,everyday,5
yes,5,7,7,6,5,5,5,3,5,6,4,3,5,4,6,2,7,6,5,6,When reading a story about a well known person I thought it was unlikely that it had really happened and wondered if the article was genuine. I searched online to see if there were any other stories saying the same thing.,5,7,3,4,honesty;responsibility;human_wellbeing,55_65,woman,uk,some_university_college,not_currently_working,2_4_hours,often,6
yes,7,7,7,5,6,4,4,3,7,7,6,7,7,5,7,6,7,7,5,7,A clipping from the news about Robert Redford,3,7,4,2,honesty;empathy;human_wellbeing,55_65,woman,uk,postgraduate_degree,self_employed,9_10_hours,occasionally,6
yes,6,7,7,7,7,7,7,2,6,7,3,2,5,2,6,7,7,7,7,7,"I often browse funny animal videos, but lately I've noticed that more and more of them might be AI-generated.",4,5,6,6,honesty;non_harm;transparency,25_34,woman,ca,postgraduate_degree,employed_full_time,5_6_hours,everyday,3
yes,7,5,7,5,5,5,4,5,7,5,4,2,7,4,4,5,7,6,6,5,The recent fire in Hong Kong. THe video seemed strange. I had to double check other sources to confirm.,1,6,5,1,fairness;respect;responsibility,35_44,woman,ca,bachelors_degree,employed_full_time,gt_12_hours,occasionally,5
yes,5,6,5,5,5,6,5,5,7,6,4,6,5,5,4,4,6,6,6,6,"I was scrolling through social media and I saw a post about a recent event and questioned whether or not, it was real.",5,2,4,5,honesty;transparency;accountability,18_24,man,ca,bachelors_degree,employed_full_time,gt_12_hours,very_often,3
yes,6,7,6,5,6,7,3,6,6,6,2,2,6,2,6,3,6,6,6,7,A viral video of a celebrity doing something questionable was circulating on social media.,5,6,6,6,honesty;fairness;non_harm,45_54,woman,us,bachelors_degree,self_employed,7_8_hours,sometimes,7
yes,5,5,5,5,5,5,4,4,4,4,4,4,4,5,6,5,5,3,3,3,I was looking at a video of someone talking about a city and then realised it was likely that it was completely AI generated.  It looked so real so I was not sure what to believe to be fair,4,5,5,5,honesty;non_harm;transparency,45_54,man,uk,some_university_college,employed_full_time,5_6_hours,rarely,5
yes,7,6,7,5,4,5,3,5,5,6,5,6,6,7,7,5,7,5,4,7,A video of Donald Trump dancing,5,6,5,5,honesty;responsibility;accountability,over_65,man,uk,high_school,other,2_4_hours,rarely,6
yes,4,5,5,3,4,3,3,3,6,6,3,4,5,6,7,6,6,2,5,5,A recent post I seen about President Trump,7,7,2,7,non_harm;transparency;accountability,55_65,woman,us,high_school,not_currently_working,9_10_hours,everyday,6
yes,7,7,7,4,2,2,7,1,7,7,4,7,7,5,7,7,7,7,7,7,There was a few videos of people who could do abnormal things that made it look ai generated.,1,3,4,1,honesty;human_wellbeing;non_harm,18_24,prefer_not_to_say,ca,some_university_college,student,gt_12_hours,everyday,1
yes,2,2,5,1,3,2,1,1,7,7,6,6,5,6,7,7,7,2,4,6,I did had a moment like this so far,5,7,1,5,human_wellbeing;non_harm;transparency,35_44,woman,uk,postgraduate_degree,employed_full_time,lt_2_hours,sometimes,7
