Timestamp,I am 18+ and consent to take part. I understand anomymised data will be published openly,Please enter your prolific ID (this is required to receive payment),I often question whether information I see online is trustworthy. ,It feels harder than it used to be to know what is real and what is not online. ,I worry that AI-generated content makes it easier to deceive people ,I feel overwhelmed by the amount of conflicting information online.,I often feel unsure which sources to rely on.,I find it difficult to tell when information has been manipulated. ,Not knowing what to trust makes me feel anxious or uneasy. ,I sometimes avoid engaging with online content because I don’t know what to believe. ,"I look for visual clues (lighting, texture, realism) to check if something might be AI-generated. ","I look for behavioural cues (tone, consistency, human imperfections) to judge authenticity. ",I feel confident noticing details that indicate content may be synthetic. ,I trust my instincts when deciding whether something online is real or fake. ,I believe most people would struggle to identify AI-generated media. ,I feel confident verifying information online. ,"When I’m unsure, I double-check using other sources. ",I have strategies that help me identify unreliable content. ,I would like clearer ways to verify whether something online is real. ,AI-generated media makes me feel less certain about what is real. ,The rise of AI-generated media makes me more cautious in my daily life. ,"I expect AI will increasingly replace real human images, voices, and interactions. ",Describe a recent moment where you questioned whether something online was real or artificially generated., How much do you trust AI systems to act in your best interests?  ,How clear do you feel about what matters most in your life right now? ,"How much does modern digital life affect your ability to focus, decide, or think clearly? ",How do you feel about the growing role of AI in everyday decision-making? ,Which values do you believe AI systems should reflect? (select up 3),What is your age group?,Which of the following best describes your gender?,Country of residence,What is your highest level of education? ,Which of the following best describes your current work status? ," On average, how many hours do you spend online each day? (self-estimate)  ","How often do you use digital or AI-powered tools (e.g., ChatGPT, Copilot, Gemini, AI-enhanced search) in your daily life? ",How would you describe your general emotional wellbeing?  
28/11/2025 11:26:00,Yes,5d5ae7ff9186a900188d8179,6,7,6,7,7,7,7,7,7,7,7,7,5,5,6,6,7,7,7,7,voice message of donald trump that was recently posted,2,4,5,5,"Honesty, Responsibility, Transparency",25 - 34,Man,UK,Bachelor’s degree,Employed full time,5–6 hours,Sometimes,2
28/11/2025 11:26:02,Yes,60524a9ece19f6b376473cf7,7,7,7,2,6,5,2,7,7,7,5,5,6,4,7,5,7,5,5,7,"There was a video of Donald trump online speaking about going to war and it looked very genuine, but it wasn’t ",2,7,2,3,"Honesty, Empathy, Non-harm",35 - 44,Man,UK,Bachelor’s degree,Employed full time,2–4 hours,Sometimes,6
28/11/2025 11:26:27,Yes,5b35824a975e260001e9b7a6,7,6,6,5,6,7,5,6,6,6,5,6,5,3,7,5,6,5,5,7,An AI generated video of a footballer on tiktok talking.,5,5,6,5,"Honesty, Responsibility, Transparency",35 - 44,Man,UK,Bachelor’s degree,Employed full time,2–4 hours,Everyday,4
28/11/2025 11:26:32,Yes,5d7a1fce27fb8a000196993e,7,5,6,2,4,5,4,5,7,6,5,4,4,5,7,5,7,5,3,6,I see images on social media every day that have been created by AI to deceive and radicalise others. ,3,7,3,4,"Fairness, Non-harm, Transparency",45 - 54,Man,UK,Bachelor’s degree,Self-employed / freelance,7–8 hours,Sometimes,4
28/11/2025 11:26:42,Yes,680e94f0807134aa88abb41d,6,4,7,2,2,3,4,2,7,7,5,4,4,6,7,7,4,4,4,6,a news article about charlie kirks killer,4,7,4,4,"Honesty, Fairness, Accountability",45 - 54,Woman,Canada,High school,Employed full time,5–6 hours,Sometimes,6
28/11/2025 11:27:01,Yes,666b16c3f185f92a92c45d42,7,7,6,5,3,3,5,2,7,7,6,4,4,6,7,7,7,3,6,5,"I was actually doing a survey here on Prolific and chatting with ""someone"" but I began to wonder if I was chatting with a person or with AI",4,7,5,3,"Honesty, Non-harm, Transparency",55 - 65,Woman,US,Bachelor’s degree,Self-employed / freelance,9–10 hours,Everyday,6
28/11/2025 11:27:45,Yes,5c3476a2f5ebd50001841284,6,7,7,4,4,5,4,2,6,6,4,4,6,5,6,4,5,5,5,6,"I recently saw a picture posted by an account called ""secretary Kennedy"" with Kennedy, Musk and Trump and I couldn't tell if the picture and the account were both genuine",4,6,5,5,"Fairness, Responsibility, Transparency",35 - 44,Man,UK,Postgraduate degree,Employed full time,9–10 hours,Very often,5
28/11/2025 11:28:28,Yes,5b421b9ac2e3810001763252,5,6,6,5,5,5,6,3,3,5,3,5,5,3,2,3,6,5,5,6,"It was a landscape and it did look authentic but looked to perfect to be real, which was used for advertising for a holiday destination. I thought about whether it was real or AI generated.",5,5,3,5,"Honesty, Responsibility, Transparency",35 - 44,Woman,UK,Bachelor’s degree,Employed part-time,5–6 hours,Often,5
28/11/2025 11:28:52,Yes,613e157ccd6af6049001ce25,7,7,7,6,7,6,6,6,4,7,3,3,7,4,5,4,7,7,7,4,"when I saw a reel with Trump giving some commentary, There was something about it that made it look like AI",5,7,3,6,"Honesty, Non-harm, Transparency",Over 65,Woman,US,Bachelor’s degree,Other,2–4 hours,Occasionally,7
28/11/2025 11:29:08,Yes,68f162cc8fb25dff5553c33f,7,7,7,7,7,5,5,5,6,6,6,6,4,6,7,6,7,6,6,5,Breaking news on social media.,4,6,5,4,"Responsibility, Transparency, Accountability",55 - 65,Man,Australia,Bachelor’s degree,Self-employed / freelance,Less than 2 hours,Rarely,5
28/11/2025 11:29:09,Yes,598517f52e38840001455b12,5,7,6,5,6,5,4,2,6,7,3,3,5,3,7,3,7,5,5,5,"I saw a video of Trump, I can't remember specifically what he was talking about but he was talking to a group. He was talking about something controversial, I think it could have been regarding immigration, in any case.. I honestly couldn't tell whether the video was authentic or not. He's known for saying controversial things but it honestly could have been a high quality deep fake.",4,6,5,3,"Honesty, Fairness, Non-harm",25 - 34,Woman,UK,Bachelor’s degree,Employed full time,9–10 hours,Sometimes,5
28/11/2025 11:29:17,Yes,5c5ff87f8c0552000109d7de,7,7,7,6,7,7,7,7,5,7,3,6,6,3,7,2,7,7,7,6,A picture of a couple that was supposed to be of them when they were younger ,4,6,3,4,"Honesty, Human wellbeing, Non-harm",25 - 34,Woman,UK,High school,Employed part-time,5–6 hours,Rarely,5
28/11/2025 11:29:19,Yes,5ebc0abd2cc5f1054c82a0d7,7,7,7,7,5,6,4,3,7,7,5,4,4,4,7,7,7,6,7,7,"just today on tik tok i saw a post from what i thought was the daily mail showing a train crash in liverpool,turned out it was fake,both the video and the small article",6,7,3,7,"Honesty, Human wellbeing, Transparency",35 - 44,Man,UK,Some university/college,Employed full time,5–6 hours,Very often,6
28/11/2025 11:29:44,Yes,66797a447bfcb47256846ed2,4,7,5,3,3,6,4,6,3,3,2,1,7,6,7,3,5,7,1,5,Any time you send a support ticket to a company and you get a auto response and even though they sign it as a human I suspect it's still AI generated,4,5,2,6,"Respect, Responsibility, Transparency",55 - 65,Man,Canada,Bachelor’s degree,Employed full time,5–6 hours,Everyday,5
28/11/2025 11:30:32,Yes,664f4729958d6a1fa6ab96de,5,5,1,1,1,4,1,1,5,7,5,4,3,4,4,2,1,5,4,4,i was watching a tiktok,4,1,7,5,"Honesty, Human wellbeing, Transparency",25 - 34,Man,Canada,High school,Not currently working,More than 12 hours,Everyday,1
28/11/2025 11:30:37,Yes,5e3d57c40d3a26000edff2e1,6,7,7,6,6,5,6,4,7,6,6,6,5,6,7,7,6,6,7,7,"Videos of animals where one is chasing the other, which turned out to be AI due to background distortions",4,5,4,5,"Honesty, Responsibility, Transparency",18 - 24,Man,UK,Bachelor’s degree,Employed full time,11–12 hours,Sometimes,3
28/11/2025 11:30:39,Yes,5bffc3ae4108380001f5cd63,7,7,7,4,5,6,5,7,7,7,4,5,6,2,6,4,5,7,7,7,I saw a painting on Instagram that looked hand painted but too perfect and when I checked I found that it was AI generated ,1,7,6,1,"Honesty, Human wellbeing, Non-harm",35 - 44,Woman,UK,Bachelor’s degree,Self-employed / freelance,2–4 hours,Occasionally,5
28/11/2025 11:30:54,Yes,6637e6d382d221675254185b,7,7,7,4,3,7,3,7,7,7,6,6,4,6,7,5,7,7,2,7,I saw some videos i really thought were real but ended up being sora,1,6,5,2,"Non-harm, Transparency, Accountability",35 - 44,Man,Canada,Bachelor’s degree,Employed full time,11–12 hours,Everyday,6
28/11/2025 11:31:03,Yes,61bb396840db417c1a138e3d,6,6,7,7,6,7,3,6,6,6,7,3,7,5,6,5,6,6,1,7,Saw an image on social media that was cofusing to believe if it was real or not ,6,6,6,6,"Responsibility, Transparency, Accountability",35 - 44,Woman,US,Postgraduate degree,Employed full time,9–10 hours,Everyday,7
28/11/2025 11:31:08,Yes,69136b4cffd5610a32a7b421,3,5,5,5,4,5,2,2,5,5,4,5,5,4,5,5,5,5,4,6,I saw a tiktok and I thought it was real but when I read the comments it became clear that it was AI.,3,5,6,4,"Honesty, Transparency, Accountability",25 - 34,Woman,Canada,Bachelor’s degree,Employed full time,5–6 hours,Occasionally,5
28/11/2025 11:31:23,Yes,5b7ecfe47a63030001019c35,6,7,6,4,3,3,4,4,6,6,5,6,5,5,6,5,6,6,6,7,"a video posted on instagram showing donald trump making a speech, very hard to work out if fake",4,4,5,6,"Honesty, Responsibility, Non-harm",35 - 44,Man,UK,Bachelor’s degree,Employed full time,5–6 hours,Often,6
28/11/2025 11:31:32,Yes,67c535ec3af64efa48e9a601,6,6,7,5,5,6,6,4,7,7,6,7,5,6,7,6,7,6,6,5,"When I was looking at animal videos on tiktok, I wasn't quite sure if some of them were real or AI generated ",4,4,6,2,"Honesty, Human wellbeing, Transparency",18 - 24,Woman,Canada,High school,Student,11–12 hours,Often,4
28/11/2025 11:31:40,Yes,5ec950bb79519545f34c591a,7,7,7,4,5,7,5,5,7,7,6,7,7,7,6,7,6,6,7,7,"Videos usually of current events, celebrity happenings, concerts, real world scenes posted online.",4,7,7,4,"Honesty, Responsibility, Transparency",35 - 44,Man,Canada,Bachelor’s degree,Employed full time,More than 12 hours,Often,6
28/11/2025 11:31:45,Yes,5ef7505f05a04404444c0a38,7,7,7,6,6,5,5,6,5,6,5,5,5,5,4,5,6,7,5,6,Video of a puma leaping very far ,2,6,6,3,"Honesty, Responsibility, Accountability",35 - 44,Woman,UK,Bachelor’s degree,Employed full time,9–10 hours,Often,5
28/11/2025 11:31:56,Yes,5c3baa275a88cc000189ef36,7,7,7,7,5,5,5,1,5,6,2,4,7,2,2,2,6,6,5,6,Friend sent to me a video of a playful cat up to now I do not know if it was real or AI generated. ,4,7,4,4,"Honesty, Fairness, Transparency",45 - 54,Man,UK,Postgraduate degree,Employed full time,More than 12 hours,Very often,2
28/11/2025 11:32:14,Yes,5f9ec66a5a97fa0748bc61a3,5,7,6,4,6,6,3,5,6,6,5,7,5,4,6,5,6,6,6,7,Saw a news story where the people looked not quite right and I did not trust what was being said,5,6,5,4,"Honesty, Fairness, Responsibility",Over 65,Man,Canada,Postgraduate degree,Employed full time,2–4 hours,Occasionally,7
28/11/2025 11:32:15,Yes,66c0d9ef3c9b1d596446f813,3,3,7,3,3,4,3,3,3,4,4,5,4,4,5,5,4,5,4,7,when i saw a youtube video and it looked real but also seemed fake,2,7,2,4,"Honesty, Transparency, Accountability",35 - 44,Man,US,Postgraduate degree,Employed full time,7–8 hours,Rarely,5
28/11/2025 11:32:19,Yes,607668ac450fc6e3025a131d,5,4,5,5,6,5,6,6,6,6,5,4,5,4,6,5,5,5,4,2,"The feedback from AI (e.g., DOI information from a paper) is not accurate as expected that I have to cross-check its reliability.",5,6,6,5,"Responsibility, Transparency, Accountability",45 - 54,Man,US,Postgraduate degree,Employed full time,5–6 hours,Everyday,4
28/11/2025 11:32:25,Yes,691de000d4543ea4fc960fca,6,6,6,5,5,5,6,4,5,5,3,5,6,4,6,5,6,5,5,6,"I find myself questioning many songs, especially in the EDM genre, for artificial generation. The song I RUN was recently outed for featuring AI vocals, and I find myself questioning music a lot more since. ",4,6,5,3,"Responsibility, Transparency, Accountability",25 - 34,Woman,US,Bachelor’s degree,Employed full time,2–4 hours,Occasionally,5
28/11/2025 11:32:38,Yes,572a31e8d7299f000f7b594a,6,4,6,5,4,3,5,4,6,5,6,6,5,5,7,5,5,5,6,5,"Recently a music artist I greatly admire released some new content. I was unsure if it was AI generated, which would really disappoint me. However, it was extremely hard to tell whether or not it was AI.",4,5,4,6,"Responsibility, Transparency, Accountability",35 - 44,Woman,US,Bachelor’s degree,Employed full time,7–8 hours,Sometimes,5
28/11/2025 11:32:40,Yes,5b91755520257e0001ab1a0b,6,6,7,5,6,6,1,5,6,6,6,6,6,6,7,6,6,6,5,5,i can;t think of any,4,4,4,4,"Honesty, Responsibility, Accountability",45 - 54,Woman,UK,Some university/college,Self-employed / freelance,2–4 hours,Rarely,7
28/11/2025 11:32:42,Yes,69136b972b15f19c191bde45,5,6,7,5,6,5,6,5,6,6,3,5,6,5,4,5,7,7,5,6,Particularly when I read things regarding politics. I find I sometimes have trouble determining if headlines or articles are real or artificial given the state of the world right now some of the artificially generated articles seem like they could be real enough. ,3,3,6,3,"Honesty, Non-harm, Transparency",18 - 24,Non-binary,Canada,Some university/college,Student,5–6 hours,Sometimes,3
28/11/2025 11:32:55,Yes,67d0876b495c458433e597b0,5,6,6,5,5,4,4,5,6,6,5,6,6,5,6,5,6,6,6,7,checking on a social media some contents that seem too perfect or too violent etc,4,5,6,3,"Responsibility, Non-harm, Transparency",55 - 65,Woman,Canada,Some university/college,Self-employed / freelance,7–8 hours,Sometimes,5
28/11/2025 11:32:56,Yes,64136f616f4202871d6bb12e,5,6,7,4,2,5,2,2,4,5,2,3,5,2,6,3,4,5,3,5,I often question whether news stories are real or not,1,5,1,4,"Honesty, Responsibility, Non-harm",35 - 44,Woman,UK,Postgraduate degree,Employed full time,5–6 hours,Sometimes,5
28/11/2025 11:32:58,Yes,5c3631cfa05b4a0001439cca,5,7,7,5,4,4,5,4,5,5,4,5,5,4,5,3,7,7,6,3,I was reading an online article from a major city newspaper in my state and the way it was written just seemed too dry and just-the-facts. At the bottom of the article it said that it was written by AI and edited by one of the staff. ,1,5,4,1,"Responsibility, Transparency, Accountability",35 - 44,Woman,US,Bachelor’s degree,Employed full time,5–6 hours,Rarely,5
28/11/2025 11:33:02,Yes,668dc0c9d67e1fd71cd53a99,7,7,7,6,6,6,6,6,7,7,5,5,7,7,7,7,7,6,7,7,A photo of president Trump.  Turned out it has been artificially generated.,2,7,5,1,"Honesty, Fairness, Transparency",55 - 65,Woman,Canada,High school,Self-employed / freelance,5–6 hours,Occasionally,6
28/11/2025 11:33:11,Yes,5aca8df5436f550001000d03,7,6,7,2,3,4,5,5,7,7,5,4,5,4,7,6,7,7,4,6,"Pictures on social media, esp from certain older family members.  I've come to assume that they can't tell and will re post anything so its properly fake",1,6,3,2,"Honesty, Non-harm, Transparency",45 - 54,Woman,New Zealand,Bachelor’s degree,Employed full time,2–4 hours,Occasionally,5
28/11/2025 11:33:15,Yes,5995e41ecf1d1700016efc01,6,7,7,5,6,6,6,6,6,7,4,5,5,5,6,5,7,7,6,7,"I saw a short video clip on twitter about a polar bear cub being helped by a human whilst the mother bear watched. It looked realistic, but it can't have been real as the polar bear would have attacked the human in real life, but for a short time I was watching this thinking 'ah, that's cute'",4,5,5,2,"Honesty, Empathy, Human wellbeing",45 - 54,Woman,UK,Bachelor’s degree,Self-employed / freelance,7–8 hours,Rarely,5
28/11/2025 11:33:17,Yes,5e31a1526ef37a1879a94441,3,3,3,4,1,5,2,1,6,6,5,2,5,6,7,7,7,2,2,5,A detailed historical post on X that was questioned as to its accuracy by other users,5,7,3,5,"Transparency, Accountability, honesty",55 - 65,Man,UK,Bachelor’s degree,Employed full time,Less than 2 hours,Everyday,6
28/11/2025 11:33:21,Yes,5ff082234cfb7df5d6371e99,6,6,7,5,3,3,5,5,7,6,3,3,6,6,6,6,7,3,3,6,"My husband was watching a short on YouTube and I heard Rick Steves's voice, but he wasn't in the video, so for a second I wondered why he was doing a voiceover on the video before realizing it was AI generated. ",4,6,3,5,"Fairness, Human wellbeing, Transparency",35 - 44,Woman,US,Bachelor’s degree,Employed part-time,2–4 hours,Sometimes,6
28/11/2025 11:33:23,Yes,66d20fa042cbb1493937d46d,7,7,7,5,6,6,6,7,7,7,5,6,7,5,7,6,7,6,7,7,there was a video of a giraffe hugging a girl on a deck. turned out to be real,4,7,1,4,"Honesty, Respect, Non-harm",25 - 34,Woman,Canada,Some university/college,Not currently working,7–8 hours,Everyday,7
28/11/2025 11:33:23,Yes,64df6c0375d740bb235620f5,7,7,7,6,6,5,5,7,6,5,5,5,7,4,5,3,6,6,5,7,When one of the videos about girl showed that she is living in a mansion without doing much work,2,6,6,5,"Responsibility, Human wellbeing, Non-harm",25 - 34,Man,Canada,Bachelor’s degree,Employed part-time,11–12 hours,Everyday,2
28/11/2025 11:33:25,Yes,69123d02cb8bf34400e3ff76,6,7,7,5,4,5,5,6,5,7,4,2,7,5,6,7,7,7,7,7,"I was looking at a digital artwork someone had made, and stopped to examine it closely to see if it was actually art or not.",1,6,6,1,"Honesty, Non-harm, Accountability",25 - 34,Non-binary,Australia,Bachelor’s degree,Employed part-time,5–6 hours,Never,5
28/11/2025 11:33:32,Yes,58954e2dc88c680001dd4b7e,7,7,7,7,7,4,5,7,7,6,6,6,5,7,7,7,7,7,6,7,"""the sun"" a fakebook account, 5 buildings in a blaze, the sun is a British news paper but I don't think this has anything to do with it .. ",5,7,5,2,"Honesty, Non-harm, Transparency",55 - 65,Man,UK,High school,Employed part-time,2–4 hours,Sometimes,6
28/11/2025 11:33:32,Yes,571b37aa5d40840011c3a04d,7,6,7,6,7,6,6,7,7,7,6,6,4,5,7,5,7,4,2,7,"It was a youtube video which told the story of two sisters who died on mount Everest, I'd never heard of them and the photos didn't look right and a google proved they hadn't existed.",3,7,1,2,"Fairness, Non-harm, Transparency",55 - 65,Woman,UK,High school,Self-employed / freelance,2–4 hours,Occasionally,6
28/11/2025 11:33:33,Yes,667a7ab2a6179deb78e9dd1a,7,6,7,5,4,4,4,1,6,6,5,6,4,4,7,5,7,6,6,5,I asked Gemini for statistics concerning Celtic top goalscorers in Europe and knew immediately from my own knowledge that the answer was flawed/incorrect.,3,5,4,3,"Responsibility, Transparency, Accountability",45 - 54,Man,UK,Postgraduate degree,Employed full time,5–6 hours,Occasionally,5
28/11/2025 11:33:34,Yes,605ff0746397c26c436b88af,6,5,7,3,2,4,2,4,5,5,6,6,6,5,7,6,7,6,5,7,Just browsing videos online and I wonder if they are real,5,6,5,4,"Fairness, Transparency, Accountability",35 - 44,Woman,US,Bachelor’s degree,Self-employed / freelance,2–4 hours,Occasionally,4
28/11/2025 11:33:37,Yes,6500a6309a82e5f2bda12731,5,7,6,5,6,5,3,2,5,6,6,6,6,5,6,5,7,6,5,6,"There was an article with an AI generated photo that looked very real. But the quality was too good, the shapes were a bit too cartoony. Then I checked the comments and found out it was AI.",5,7,5,3,"Honesty, Responsibility, Human wellbeing",25 - 34,Woman,US,Postgraduate degree,Self-employed / freelance,7–8 hours,Often,6
28/11/2025 11:33:41,Yes,669423dd1451a734ed205b49,7,4,7,1,1,1,1,1,7,7,3,3,7,7,7,7,7,2,5,1,images in news articles,1,7,1,1,"Honesty, Non-harm, Transparency",35 - 44,Non-binary,Canada,Postgraduate degree,Self-employed / freelance,Less than 2 hours,Occasionally,6
28/11/2025 11:33:42,Yes,6614fb6af3c5aa23b962ea2d,6,7,6,5,5,4,2,3,5,5,2,3,6,3,4,2,7,5,6,4,you tube video about Trump felt fake,2,7,4,5,"Honesty, Responsibility",55 - 65,Man,UK,High school,Other,Less than 2 hours,Occasionally,6
28/11/2025 11:33:48,Yes,613d59fbeec7294033d039b2,7,7,7,5,5,3,5,5,6,6,5,3,3,4,7,6,7,6,5,3,"I frequently see videos that make me question whether they're made using AI, so I'm suspicious when watching them",1,5,4,2,"Honesty, Fairness, Transparency",35 - 44,Man,US,Bachelor’s degree,Employed full time,7–8 hours,Rarely,5
28/11/2025 11:33:52,Yes,69261697a3523316ff1c96f5,6,7,6,5,4,4,6,4,6,7,6,4,4,5,6,6,5,6,5,4,"I didn't question it necessarily, but someone on TikTok asked an AI bot to create a song, and it sounded extremely well versed, and had quite human characteristics. It was a bit off putting to see that any artists nowadays could rely solely on artificial resources to create a facade of art that consumers blindly praise.",4,6,5,4,"Honesty, Non-harm, Transparency",18 - 24,Woman,Canada,Bachelor’s degree,Not currently working,9–10 hours,Rarely,6
28/11/2025 11:33:55,Yes,63f77f79278126e103659cf4,7,7,7,3,3,2,1,2,7,7,7,7,5,7,7,7,5,3,6,5,I recently saw a video on social media of an interview with a sports person saying some questionable things in the interview. It looked genuine and I almost believed it but after doing some further digging I found it to be artificially generated. ,3,7,1,5,"Responsibility, Non-harm, Transparency",25 - 34,Man,UK,Bachelor’s degree,Employed full time,Less than 2 hours,Often,7
28/11/2025 11:33:59,Yes,69261f776418e428c8b8e3f5,7,7,6,6,6,5,4,4,3,5,4,6,3,4,7,6,7,4,4,6,Picture of a friend,5,7,5,5,"Honesty, Respect, Human wellbeing",35 - 44,Man,Canada,High school,Self-employed / freelance,7–8 hours,Everyday,6
28/11/2025 11:34:01,Yes,5f30a3aafe3e9550d0b8333d,6,6,6,4,7,6,4,6,5,6,6,7,5,5,5,5,6,6,6,6,Most times I go on social media,4,6,4,4,"Honesty, Respect, Responsibility",45 - 54,Man,New Zealand,Postgraduate degree,Employed part-time,2–4 hours,Sometimes,7
28/11/2025 11:34:08,Yes,650b03136ab3d4c832d98b71,7,7,7,6,6,6,5,4,7,6,6,6,7,6,7,6,7,7,6,6,"I saw a picture people were posting of actors next to each other that seemed too real, but people were saying it was just AI generated. So now I really don't know anymore if I can trust any picture I see at this point.",3,7,3,4,"Honesty, Fairness, Human wellbeing",25 - 34,Man,US,Bachelor’s degree,Employed part-time,5–6 hours,Often,3
28/11/2025 11:34:24,Yes,630981b0f861918e8174a43e,6,6,6,5,5,5,3,3,6,4,4,5,6,4,5,5,6,6,5,6,I saw a video of an animal doing something that didn't seem possible,4,6,4,4,"Honesty, Responsibility, Non-harm",35 - 44,Man,US,Postgraduate degree,Employed full time,2–4 hours,Rarely,6
28/11/2025 11:34:26,Yes,5cae6a77b38ea60016e54889,6,7,6,5,6,4,5,6,4,5,5,6,5,4,7,5,5,5,5,4,A video of a celebrity promoting a dieting product which had their name and voice over it ,4,6,5,3,"Fairness, Respect, Responsibility",25 - 34,Woman,UK,High school,Employed full time,7–8 hours,Sometimes,5
28/11/2025 11:34:28,Yes,60fce3df91350150e2e88423,6,4,5,6,6,5,6,6,7,7,5,4,4,5,6,4,7,5,5,6,There was a video of bunnies jumping on a trampoline on a night-vision outdoor camera. It seemed real but I couldn’t tell,2,7,5,3,"Honesty, Empathy, Non-harm",25 - 34,Woman,Canada,Some university/college,Employed part-time,11–12 hours,Often,4
28/11/2025 11:34:31,Yes,5f36b3370303960ad419ba9a,6,7,6,3,4,5,7,4,7,6,5,5,4,4,6,5,6,6,6,5,"I saw a tiktok advertising a steam cleaner which had allegedly used AI to make the product look better, but it was difficult to see signs that pointed to AI being used ",2,5,6,1,"Empathy, Responsibility, Human wellbeing",25 - 34,Woman,UK,Postgraduate degree,Student,9–10 hours,Never,5
28/11/2025 11:34:32,Yes,5d4b085ef76ba3001c7510de,7,7,6,3,4,4,2,2,7,7,7,7,3,7,7,7,5,7,2,2,I seen a video of Donald Trump supposedly saying something controversial (as always) but on closer inspection it was a fake,6,7,5,6,"Honesty, Fairness, Transparency",35 - 44,Man,UK,High school,Not currently working,More than 12 hours,Everyday,2
28/11/2025 11:34:36,Yes,68c9adf3ce921224388f11f1,5,6,6,6,5,5,6,6,6,5,3,3,6,3,5,5,6,6,6,7,I was watching a video of a person walking her dog and there was an explosion. ,3,5,6,4,"Human wellbeing, Non-harm, Transparency",25 - 34,Prefer not to say,US,Postgraduate degree,Employed full time,7–8 hours,Often,5
28/11/2025 11:34:37,Yes,66951ddcac8fe7532f7a41fb,7,7,7,7,7,7,1,1,7,7,7,7,4,7,7,7,7,4,1,1,Mostly is difficult identify if a video is real or Ai generated.,5,7,3,5,"Honesty, Non-harm, Transparency",35 - 44,Woman,Canada,Bachelor’s degree,Self-employed / freelance,More than 12 hours,Everyday,7
28/11/2025 11:34:38,Yes,570d22b35e5156000efd8bd5,7,5,5,5,5,5,5,5,7,7,7,7,7,5,6,5,5,5,5,7,A video of a product that was for sale it looked very real and I had to spend time going over all the details to determine it was AI,6,6,2,6,"Honesty, Human wellbeing, Transparency",35 - 44,Man,US,Some university/college,Employed full time,11–12 hours,Everyday,6
28/11/2025 11:34:49,Yes,5e5a96f5a2f2c528edf70f6e,7,7,7,7,7,4,7,4,7,7,7,7,4,7,7,7,6,2,1,2,Nothing comes to mind. I'm usually able to spot these. ,2,6,7,1,"Fairness, Human wellbeing, Transparency",35 - 44,Woman,Canada,Some university/college,Employed full time,More than 12 hours,Everyday,2
28/11/2025 11:34:51,Yes,615e420a23219efe3427a367,7,7,6,6,6,7,5,4,7,7,7,4,7,5,7,6,7,7,6,6,"I was watching a reel on InstaGram that was very interesting, but after a few minutes I could tell it was AI-generated.",6,6,1,6,"Honesty, Non-harm, Accountability",Over 65,Woman,US,Bachelor’s degree,Employed full time,5–6 hours,Sometimes,7
28/11/2025 11:34:52,Yes,613d0d7d4dbf6d2bbad3f3e9,5,6,5,5,5,4,3,3,5,4,4,6,5,5,4,5,5,6,4,7,news about the uk budget when it was released early on accident,5,7,5,5,"Honesty, Fairness, Non-harm",18 - 24,Woman,UK,Some university/college,Employed part-time,5–6 hours,Very often,5
28/11/2025 11:34:57,Yes,5c4f5967aac8be0001716a65,6,6,6,5,6,6,5,4,6,6,5,5,6,6,6,5,6,6,5,6,"I saw a video on YouTube that looked unbelievable, and I questioned whether it was real. I had to check the comments to see if others thought the same.",4,5,6,5,"Honesty, Human wellbeing, Transparency",25 - 34,Man,UK,Some university/college,Employed full time,11–12 hours,Often,5
28/11/2025 11:34:57,Yes,628f7e982aad1788d940317a,6,7,7,5,5,6,4,5,7,7,5,5,7,4,6,5,7,7,7,7,Every day when scrolling in social media I come across videos that sound too outrageous to be real and I know they have to be AI generated and put up just to get views. I just move on or if it is something that could possibly be real sometimes I view it and see if it's a real person doing the talking or just an AI voice.,6,7,4,6,"Honesty, Transparency, Accountability",Over 65,Man,US,Some university/college,Other,11–12 hours,Often,7
28/11/2025 11:35:03,Yes,56b78f11e77ebe000cbefe79,6,6,6,4,5,4,3,6,6,6,4,5,4,5,7,2,6,6,5,6,It was a video of an animal being rescued and eveything seemed genuine but it was literally an impossible feat when you looked at the physics closely.,2,6,2,4,"Honesty, Non-harm, Transparency",55 - 65,Woman,UK,Bachelor’s degree,Employed part-time,7–8 hours,Rarely,6
28/11/2025 11:35:08,Yes,66eb5afc5df514b90352f7d8,6,7,7,5,6,3,4,6,7,7,5,7,4,6,7,5,7,7,6,7,Watching an alleged crime scene taking place on social media and it purporting to be live but it was clearly AI and fake but looked real in some instances.,5,7,2,5,"Honesty, Responsibility, Transparency",45 - 54,Man,Australia,Bachelor’s degree,Employed full time,7–8 hours,Often,7
28/11/2025 11:35:13,Yes,6658bead9f61b7a787ee5d1b,5,7,6,5,6,5,2,4,6,6,4,5,4,4,5,4,6,6,5,3,"Quite often, more so now when scrolling through social media, and I find Facebook in particular is becoming more and more difficult to judge in terms of reality or AI generated content.",4,6,3,5,"Honesty, Non-harm",45 - 54,Woman,UK,Bachelor’s degree,Employed full time,2–4 hours,Sometimes,6
28/11/2025 11:35:18,Yes,5755c957eb80c4000741a9ce,7,7,7,6,5,5,5,6,6,7,5,3,6,5,6,7,7,7,3,5,There was a photo of JD Vance that looked so ridiculous I assumed it was artificial but had to check if it was real (it was real). ,2,4,5,4,"Human wellbeing, Non-harm, Transparency",35 - 44,Man,UK,Postgraduate degree,Self-employed / freelance,5–6 hours,Often,3
28/11/2025 11:35:20,Yes,5e9e0b9cb133cb1a9a472677,7,6,7,6,6,6,5,4,5,5,6,4,6,4,7,6,7,7,5,5,Listening to Billy Graham speak to the evils of Barak Obama the other day.,3,7,4,7,"Honesty, Human wellbeing, Non-harm",55 - 65,Man,US,Some university/college,Self-employed / freelance,More than 12 hours,Everyday,4
28/11/2025 11:35:20,Yes,5c5cad3e4ee81200018eafe2,7,6,6,5,6,6,4,4,7,7,5,6,7,5,7,5,7,6,6,7,Reading a news article online  I was dubious as to the authenticity because of the way it was worded so double checked with two other sources and found it to be false information. It was hard to tell at first glance though as there were images within the article that looked very real.,5,7,2,4,"Honesty, Responsibility, Non-harm",Over 65,Woman,UK,High school,Employed full time,5–6 hours,Often,7
28/11/2025 11:35:21,Yes,668ed3f5d53afa78b10da504,5,6,6,5,4,5,5,4,7,6,5,6,4,5,6,5,7,6,5,6,A youtube video consisting an internet personality. The youtuber did something amazing but it was AI and not something they can do. ,3,7,4,5,"Honesty, Transparency, Accountability",35 - 44,Man,Canada,Postgraduate degree,Employed full time,7–8 hours,Often,6
28/11/2025 11:35:21,Yes,62989d142aedce04d304cabf,6,7,7,5,5,4,5,3,7,7,5,6,7,5,7,6,7,7,5,7,I've listened to a couple of tracks on Spotify which I doubt were written by a human ,1,6,5,3,"Human wellbeing, Transparency, Accountability",45 - 54,Man,UK,Bachelor’s degree,Employed full time,5–6 hours,Often,6
28/11/2025 11:35:25,Yes,5ea8c40504081a31ebd22b41,6,5,6,2,3,6,5,5,5,4,3,2,6,5,7,5,6,2,1,5,A video clip of the budget - I was trying to remember the wording from the the speech on the radio and the clothing of the people behind the Chancellor on another site to check if it had been manipulated.,1,6,1,2,"Responsibility, Human wellbeing, Non-harm",55 - 65,Woman,UK,Postgraduate degree,Not currently working,7–8 hours,Rarely,6
28/11/2025 11:35:27,Yes,5c69a12bb1b0080001bfca6a,5,7,7,5,5,6,6,4,4,6,2,6,6,2,7,4,7,7,6,7,I was reading a news site and there was a link to another story involving a celebrity but the content didn’t seem real and there were errors in it.  I didn’t believe what was written as I thought it was fake.,5,6,5,4,"Honesty, Human wellbeing, Non-harm",35 - 44,Woman,UK,Bachelor’s degree,Employed full time,7–8 hours,Often,5
28/11/2025 11:35:37,Yes,5b046554a34d3800019c9834,5,7,7,7,6,7,5,4,2,4,2,3,5,2,5,4,6,6,4,3,A video reel on Facebook. I believed it but all the comments said it was AI,4,5,6,4,"Fairness, Human wellbeing, Transparency",35 - 44,Woman,UK,Postgraduate degree,Employed full time,2–4 hours,Sometimes,3
28/11/2025 11:35:39,Yes,610c66163e803a3564dfaf9c,6,6,6,6,5,4,4,5,6,6,6,6,5,5,5,5,5,6,6,5,I was watching a tiktok video of a rollercoaster ride that was a disaster but it turned out to be AI,6,6,4,5,"Honesty, Responsibility, Non-harm",18 - 24,Man,UK,Some university/college,Self-employed / freelance,7–8 hours,Often,5
28/11/2025 11:35:39,Yes,69137ed9620834595590df31,6,7,7,6,5,6,5,7,6,7,5,7,6,7,7,5,7,7,7,6,"when there was news about how Karoline Leavitt's (White House Speaker) nephew's mom got detained by ICE, in America.",3,5,6,4,"Honesty, Responsibility, Transparency",25 - 34,Woman,Canada,Bachelor’s degree,Employed full time,7–8 hours,Very often,6
28/11/2025 11:35:39,Yes,60cf6ac511be7d68ef982d47,7,7,7,6,6,6,5,6,6,5,3,5,7,4,7,6,7,6,6,6,I watched a tiktok with animals in wild fighting I wasn't sure if it was real. it wasn't.,2,4,6,6,"Honesty, Non-harm, Accountability",25 - 34,Woman,UK,Postgraduate degree,Employed full time,More than 12 hours,Everyday,4
28/11/2025 11:35:41,Yes,6557ebf8541bd32382739c1a,6,6,7,5,4,5,5,3,5,6,4,5,5,4,6,4,4,5,4,3,"A post online made me really emotional, but it turned out the story was fake. I know about that after reading the comment section and doing a little bit of research",5,5,6,5,"Fairness, Respect, Non-harm",25 - 34,Woman,Australia,Postgraduate degree,Employed full time,2–4 hours,Very often,6
28/11/2025 11:35:43,Yes,6637b21240220c2517fffa1a,7,7,6,7,6,6,7,7,7,7,2,2,6,6,6,5,7,7,6,6,"It happened today!  I was watching an update from anti-Trump media group, The Lincoln Project, and for the last two days, I have been very suspicious that Rick Wilson's reports are AI.  He was such a vocal and animated guy and it seems as if his videos are now AI.  I will be very disappointed if I turn out to be right on this one.",6,2,4,6,"Honesty, Responsibility, Non-harm",55 - 65,Woman,US,Some university/college,Not currently working,More than 12 hours,Very often,1
28/11/2025 11:35:44,Yes,5ea749a62b0def12811bd452,7,7,7,7,7,4,2,4,7,7,6,7,6,4,7,6,7,7,7,7,When I landed on a YouTuber's page then realized the voice was theirs but the video was AI.,1,7,1,1,"Fairness, Responsibility, Transparency",Over 65,Woman,US,Some university/college,Employed full time,2–4 hours,Rarely,7
28/11/2025 11:35:52,Yes,60cf0d251a90eb823bc9b740,5,7,7,5,5,7,4,4,5,7,3,3,4,3,6,1,7,5,5,7,"I saw a picture of an influencer posing with a big celebrity, it looked so real I thought it was real at a glance",3,5,5,4,"Honesty, Human wellbeing, Transparency",25 - 34,Man,UK,Bachelor’s degree,Employed full time,5–6 hours,Occasionally,6
28/11/2025 11:35:52,Yes,5ed94af267e7bf10f180c5b0,7,3,7,6,6,2,5,5,7,7,4,6,2,5,7,6,7,6,7,5,When watching youtube videos about hollywood gossip,3,6,7,5,"Responsibility, Non-harm, Transparency",25 - 34,Woman,Canada,Postgraduate degree,Employed full time,11–12 hours,Everyday,2
28/11/2025 11:35:53,Yes,5ac11c4d9534ba0001c71a89,5,6,7,5,4,5,6,6,7,7,6,6,5,6,7,6,6,6,6,7,There was an advert that I felt seemed strange and made me wonder if it was AI ,6,6,6,5,"Honesty, Empathy, Fairness",45 - 54,Woman,UK,Bachelor’s degree,Employed full time,7–8 hours,Sometimes,5
28/11/2025 11:35:56,Yes,5ca3f484771e310017543f87,7,5,7,4,3,3,2,6,7,7,4,6,6,6,7,6,7,6,7,7,"Those stupid short videos.  It's showing up more and more in those videos.  The one I saw was with a moose or something.  As soon as I realized it was fake, I stopped watching.  I hate fake videos.",2,7,3,1,"Honesty, Fairness, Transparency",35 - 44,Woman,Canada,Bachelor’s degree,Employed full time,2–4 hours,Never,6
28/11/2025 11:35:56,Yes,6917b43630e666e39c18fa7b,6,7,4,2,2,5,2,3,5,5,3,6,6,6,7,5,6,6,2,6,On facebook there are videos of children being saved from bears by the family pet. I doubt that is real.,4,6,2,5,"Fairness, Human wellbeing, Non-harm",55 - 65,Woman,New Zealand,Postgraduate degree,Employed part-time,5–6 hours,Sometimes,6
28/11/2025 11:36:14,Yes,6137ebb74197e0473d1318e3,7,7,7,6,7,7,6,7,5,6,2,2,7,4,5,4,7,7,7,7,When I saw a short of Donalt Trump talking. It seemed something was a bit off but could not tell for sure if it was real or AI.,6,6,2,6,"Honesty, Non-harm, Transparency",55 - 65,Man,US,Some university/college,Employed full time,2–4 hours,Sometimes,5
28/11/2025 11:36:15,Yes,5e27868c5cbbcc0b3599574b,5,6,6,5,5,6,6,5,5,6,7,5,6,5,6,5,6,5,6,5,I saw a video of a heron behaving in a human like way,2,4,5,4,"Honesty, Fairness, Responsibility",25 - 34,Man,US,Postgraduate degree,Employed full time,5–6 hours,Never,5
28/11/2025 11:36:15,Yes,572f526c3c27e7000e0b8aaa,5,7,6,3,4,3,4,5,7,5,4,4,5,6,7,4,7,7,5,7,When looking at videos for supposed news articles on social media ,4,6,3,4,"Honesty, Non-harm, Accountability",35 - 44,Man,UK,Bachelor’s degree,Employed full time,5–6 hours,Often,6
28/11/2025 11:36:19,Yes,66015326b0487b06a0414228,7,7,6,6,7,7,4,5,5,7,4,5,5,4,3,3,6,6,4,6,"On Facebook, a lot of random posts come up on my feed. Some of these are about celebrities who have said or done certain things. I usually check the comments to see if others think it is real or fake as it can be difficult to tell.",4,6,4,3,"Honesty, Respect, Human wellbeing",35 - 44,Woman,UK,Some university/college,Employed part-time,2–4 hours,Rarely,6
28/11/2025 11:36:19,Yes,5a766fb01904200001556d05,5,7,7,5,3,4,6,6,6,6,5,3,5,4,6,5,7,4,2,4,"I was looking at a picture of some monkeys and some of their bodies looked odd so I thought it might be AI, then I realized one of the monkeys was actually sitting on a smaller one.",1,4,5,1,"Honesty, Non-harm, Accountability",35 - 44,Woman,Canada,Bachelor’s degree,Self-employed / freelance,7–8 hours,Never,4
28/11/2025 11:36:20,Yes,6704539fe462b87182866f14,5,5,5,6,5,6,4,5,5,4,5,6,5,6,5,5,4,5,4,6,News about Budget 2025 and possible tax rises,4,5,4,5,"Respect, Non-harm, Transparency",35 - 44,Man,UK,Postgraduate degree,Employed full time,7–8 hours,Everyday,5
28/11/2025 11:36:21,Yes,60e845f301f5a5901200baf4,6,7,7,5,6,4,5,6,5,6,4,5,6,4,7,5,7,6,5,6,I saw a video on YouTube about a man rescuing a wolf from a frozen lake and how he helped the wolf get back to health. At first it looked real (and amazing) but looking closer I realised it wasn't quite right. The comments on the video confirmed other viewers thought it was fake AI too.,3,6,5,3,"Honesty, Transparency, Accountability",45 - 54,Woman,UK,High school,Employed full time,2–4 hours,Often,4
28/11/2025 11:36:28,Yes,5a8ad2082a842c0001fce0f2,6,6,5,5,6,5,5,5,7,5,5,5,5,3,6,5,6,6,5,5,When I watched a video on tiktok and I wasn't sure if the bear was real ,4,5,6,5,"Honesty, Fairness, Transparency",25 - 34,Man,UK,Bachelor’s degree,Employed full time,2–4 hours,Occasionally,6
28/11/2025 11:36:32,Yes,6769288134782c10a82b7080,7,7,7,6,6,6,6,7,7,7,6,6,6,5,7,5,7,6,6,7,I always question whether the stupid things Donald Trump says are just completely stupid pr AI.,2,6,6,2,"Honesty, Empathy, Non-harm",35 - 44,Woman,UK,Bachelor’s degree,Employed full time,2–4 hours,Occasionally,1
28/11/2025 11:36:41,Yes,6685dba14d53fe6101047e9b,5,6,6,5,6,5,5,3,5,5,6,5,3,5,5,4,5,5,4,4,A lot of videos or pictures that are on social media are very questionable if they are real or AI.,4,6,2,5,"Honesty, Transparency, Accountability",45 - 54,Woman,US,High school,Not currently working,9–10 hours,Very often,3
28/11/2025 11:36:49,Yes,637f8322729ade58ec7229ba,5,5,6,2,2,5,2,2,6,6,6,6,2,6,6,6,3,2,5,5,An article in an online newspaper that seemed poorly written. It also had an inconsistent story.,2,6,2,2,"Honesty, Fairness, Transparency",45 - 54,Man,UK,Bachelor’s degree,Employed full time,2–4 hours,Rarely,5
28/11/2025 11:36:58,Yes,6776cdf98d57e424a247e48a,5,6,7,2,2,4,3,3,6,6,3,3,6,5,7,6,6,5,2,5,"I saw a clip of a Trump speech where he was telling a sex joke to assembled Boy Scouts, and I wasn't sure if it was real or fake. It seemed very inappropriate, but with Trump sometimes saying wild things in inappropriate contexts anyway, it seemed very plausible.",2,5,4,3,"Human wellbeing, Non-harm, Transparency",35 - 44,Man,US,Bachelor’s degree,Employed full time,5–6 hours,Occasionally,5
28/11/2025 11:37:04,Yes,6053e01a6a8e8516ba7d47a7,5,6,6,5,5,6,5,6,4,5,3,3,6,3,4,3,6,6,4,5,It was a video on Instagram in which President Donald Trump made fun and mocked President Zaleski of Ukraine. The images of the men were highly realistic but the content seemed unlikely- so I wondered if generative AI was responsible for its creation.,4,4,5,5,"Honesty, Non-harm, Transparency",55 - 65,Man,UK,Bachelor’s degree,Employed full time,9–10 hours,Often,6
28/11/2025 11:37:06,Yes,6756e98b064a0fa2dd7793d4,7,7,7,5,7,7,7,7,6,5,2,5,6,1,6,1,7,7,6,7,"On Instagram an article seemed so far fetched, I could not be sure if it was real or fake.",2,7,6,1,"Honesty, Non-harm, Transparency",45 - 54,Woman,UK,Other,Not currently working,2–4 hours,Never,3
28/11/2025 11:37:08,Yes,597519f8262c480001bbaf8b,6,7,7,5,5,5,5,5,6,5,2,4,5,3,7,3,7,7,4,4,"A video supposedly generated by Trumps' team, just ridiculous",2,7,5,2,"Honesty, Responsibility, Non-harm",Over 65,Woman,UK,Bachelor’s degree,Not currently working,5–6 hours,Never,4
28/11/2025 11:37:10,Yes,5f15a3a5545a2058865b1901,7,7,7,5,6,7,5,7,7,7,4,6,7,5,7,5,7,7,5,4,I saw a clip of Rachel Reeves talking in parliament but I was unsure if it was or somebody had manipulated the audio.,3,7,4,4,"Honesty, Fairness, Transparency",25 - 34,Man,UK,Some university/college,Employed full time,7–8 hours,Occasionally,5
28/11/2025 11:37:12,Yes,58d0632c2fc72000011f8c57,7,6,7,5,5,4,5,3,6,6,5,5,5,6,7,7,6,6,6,7,"The most recent moment I recall was a music track that I was listening to online, by an unknown artist. As I was listening to this track, I realized that it may have been completely AI generated and was not labelled as such.",3,7,5,3,"Honesty, Responsibility, Non-harm",45 - 54,Man,UK,Postgraduate degree,Employed full time,5–6 hours,Everyday,6
28/11/2025 11:37:18,Yes,546e8bc6fdf99b2bc7ebd029,6,6,5,3,3,4,6,2,7,6,5,6,4,7,7,5,4,5,4,6,"I saw a photo on social media that included a famous footballer with a cast on, and text written on the picture that claimed he had been injured. I questioned it because I hadn't seen the news reported anywhere else, and the account that posted it was a random, small, unverified poster.",5,3,2,5,"Honesty, Non-harm, Transparency",35 - 44,Woman,UK,Bachelor’s degree,Employed part-time,7–8 hours,Often,5
28/11/2025 11:37:19,Yes,66b5172c8f0bd3b23ce66c22,7,6,5,3,2,4,4,6,4,6,4,4,4,4,7,5,5,5,4,5,I saw a video online about extreme weather in another country and I had to look at BBC to see if it was true or not ,4,4,3,4,"Fairness, Non-harm, Transparency",25 - 34,Woman,UK,Bachelor’s degree,Employed full time,2–4 hours,Often,3
28/11/2025 11:37:20,Yes,6640bd9a78227e601fbf1632,7,7,6,7,7,4,7,7,6,5,5,6,6,4,4,5,4,6,7,7,a video of a dog and a squirrel playing ,4,6,5,4,"Honesty, Human wellbeing, Transparency",35 - 44,Woman,Canada,Some university/college,Employed full time,5–6 hours,Often,6
28/11/2025 11:37:28,Yes,678f891d24aaca1f40d5cb0e,7,7,6,5,4,2,4,2,7,6,6,7,5,6,7,6,7,7,6,7,"It was an advert for a well known perfume brand, the way the people moved in the advert seemed odd, especially when you focused on one particular person.  It made me question whether the advert was real or AI generated at least in part.",4,6,2,4,"Human wellbeing, Non-harm, Accountability",45 - 54,Woman,UK,Other,Self-employed / freelance,5–6 hours,Everyday,5
28/11/2025 11:37:36,Yes,6800dcb3e77489788b4d1986,7,7,7,7,5,7,7,7,6,6,1,6,6,1,7,3,7,7,6,6,I saw a real estate advertisement. The images of the property were spectacular. Did a driveway of the address and the house was still being built! ,1,6,6,1,"Honesty, Responsibility, Accountability",45 - 54,Woman,Australia,Postgraduate degree,Not currently working,2–4 hours,Never,6
28/11/2025 11:37:39,Yes,69260e7007b2ab909df2f964,6,6,6,4,3,4,4,6,7,7,6,5,7,5,6,6,7,7,6,7,When trying to find information on traffic advisories in my area there were at least 9 articles using AI with incorrect or incomplete information that negatively affects my work day,2,3,4,3,"Fairness, Transparency, Accountability",18 - 24,Woman,Canada,Less than high school,Employed full time,9–10 hours,Often,5
28/11/2025 11:38:01,Yes,63e59ee5226fa6bbe1be8ecf,5,7,7,3,3,3,5,2,7,7,7,6,3,6,7,7,7,6,5,6,A time I questioned if something was real or AI was when I was watching tiktok and was not sure if a video about a political leader was real or AI,6,7,2,6,"Honesty, Responsibility, Transparency",18 - 24,Man,Australia,High school,Employed full time,2–4 hours,Very often,6
28/11/2025 11:38:11,Yes,609eda349f5d29975fbc2145,6,5,6,6,5,5,2,5,6,5,3,4,5,5,6,5,5,5,5,5,"I saw a video on Instagram, an old man was saying strange things. It looked real, but it was AI.",5,5,5,5,"Honesty, Transparency",35 - 44,Woman,UK,Postgraduate degree,Employed full time,7–8 hours,Often,5
28/11/2025 11:38:23,Yes,604bd44cb5668ba12cc9376e,7,7,6,2,6,5,2,1,6,7,6,7,6,7,7,7,6,1,7,6,never,5,6,2,3,"Fairness, Human wellbeing, Transparency",Over 65,Woman,US,Some university/college,Self-employed / freelance,11–12 hours,Rarely,3
28/11/2025 11:38:42,Yes,5e0e81c13ccda25bf676278c,6,5,5,3,5,4,6,6,7,6,5,5,4,6,7,5,5,6,6,6,"Watching an octopus play ""piano"" ends up it was actually real.",4,7,5,6,"Honesty, Transparency, Accountability",55 - 65,Man,Canada,Bachelor’s degree,Other,2–4 hours,Sometimes,7
28/11/2025 11:38:46,Yes,5ceac2dd06aa230001363420,6,6,7,6,6,5,6,4,6,5,6,7,5,4,6,3,6,6,6,7,A dodgy looking email.,5,6,6,5,"Fairness, Human wellbeing, Transparency",55 - 65,Woman,UK,Some university/college,Not currently working,5–6 hours,Sometimes,5
28/11/2025 11:38:49,Yes,6620b6a209127dafd5b2dfb9,3,3,5,2,3,3,2,2,3,3,2,6,5,3,7,5,5,7,6,7,"I would say 30% of the videos on Instagram now are made by ai. I was looking at some nature videos that were amazing, but it said it was made with AI and I didn't know. I also saw a cover song by one of my favorite artists but it was a completely fake ai video that looked like a real lady in the thumbnail",6,6,2,6,"Honesty, Respect, Non-harm",35 - 44,Man,US,High school,Employed full time,5–6 hours,Often,5
28/11/2025 11:38:58,Yes,665b7b047373d8da553237a6,4,5,7,4,4,5,5,6,6,7,5,5,6,5,6,6,7,5,4,6,There were deepfakes of celebrities doing questionable acts. I thought it was rather suspicious because they would usually never do this and it turns out it was deepfaked.,6,4,5,4,"Honesty, Responsibility, Transparency",25 - 34,Man,US,Bachelor’s degree,Not currently working,7–8 hours,Often,6
28/11/2025 11:39:04,Yes,62c345831d3aed7142af2c6f,5,6,6,5,3,4,5,4,6,6,5,5,5,7,7,7,6,6,5,5,An image on Twitter where I wasn’t sure if it was a photo or AI generated.,5,5,5,3,"Human wellbeing, Non-harm, Transparency",55 - 65,Man,US,Postgraduate degree,Employed full time,7–8 hours,Sometimes,5
28/11/2025 11:39:11,Yes,6296fa07866ad5073a56b3b4,5,3,3,6,3,3,2,3,6,6,5,4,4,5,3,5,5,3,4,4,There are songs being made and they can be hard to tell if its AI voiced or real.,4,5,3,5,"Fairness, Non-harm, Accountability",18 - 24,Man,US,Some university/college,Employed full time,9–10 hours,Occasionally,3
28/11/2025 11:39:14,Yes,667c66be2cfdb420fd63f2c9,7,7,7,7,7,7,7,7,5,5,3,3,7,1,7,4,7,7,7,7,I saw a car crash on Youtube that turned out to be AI generated,4,7,4,5,Non-harm,55 - 65,Woman,US,Some university/college,Not currently working,2–4 hours,Rarely,7
28/11/2025 11:39:15,Yes,5f4fef64fd3fc113300fbb44,5,4,6,3,4,4,2,2,5,5,3,6,4,5,6,6,4,6,5,2,Some ads on YouTube are definitely AI but some I'm not so sure about.,3,5,2,4,"Honesty, Responsibility, Accountability",35 - 44,Man,US,Bachelor’s degree,Employed full time,5–6 hours,Rarely,5
28/11/2025 11:39:19,Yes,5aea16d3ff24e0000124b803,7,4,6,3,3,4,4,5,5,6,4,6,3,6,7,6,3,4,5,6,"A recent advertisement that looked to me as though the people in it were AI generated, but couldn't be certain if it was fully or partly AI.",1,6,4,2,"Fairness, Human wellbeing, Transparency",35 - 44,Woman,UK,Bachelor’s degree,Employed full time,Less than 2 hours,Rarely,5
28/11/2025 11:39:22,Yes,5ebb96b6cd673a0008ace9ce,6,5,6,4,5,3,4,3,6,5,5,6,5,5,4,5,6,5,4,6,"I saw a Reddit post from an agitator, then I checked their profile and it was almost certainly AI-generated.",5,4,2,5,"Honesty, Human wellbeing, Non-harm",25 - 34,Man,US,Some university/college,Student,More than 12 hours,Everyday,4
28/11/2025 11:39:27,Yes,5c093a3f600aff0001d7002c,7,6,7,7,5,6,4,2,7,6,5,6,6,3,7,6,7,6,6,6,"I recently saw a video of a girl doing a handstand in front of a gorilla in a zoo. The next thing the gorilla copied her and did a handstand.  Hard to tell if its real or fake.  Like I have seen similar videos in similar enclosure setting before, so some of the video could be real but the other parts not so much. But I am not sure.",5,6,6,4,"Honesty, Non-harm, Transparency",45 - 54,Man,Australia,Bachelor’s degree,Self-employed / freelance,9–10 hours,Very often,4
28/11/2025 11:39:49,Yes,6678bc5a6bfa396ad69a2ad0,4,6,7,3,3,5,2,1,7,5,4,3,5,3,7,5,6,5,2,7,A video on social media where the skin looked far too smooth,2,4,6,4,"Honesty, Non-harm, Transparency",35 - 44,Woman,Australia,Bachelor’s degree,Employed part-time,5–6 hours,Often,6
28/11/2025 11:39:55,Yes,6544fd514964fea23051c3b7,6,6,7,5,3,3,5,6,7,7,6,4,6,4,6,5,7,5,7,7,"A media post was posted by the President of the United States, and he seemingly played soccer with Christiano Ronaldo in the white house. It was hard to determine if it was fake",4,6,3,4,"Honesty, Non-harm, Accountability",35 - 44,Man,Canada,Bachelor’s degree,Employed full time,9–10 hours,Everyday,6
28/11/2025 11:40:03,Yes,652d3d3c8e375878e83f43f3,7,7,7,6,5,6,6,4,7,7,6,7,5,7,7,6,7,6,7,7,A realistic instagram reel,6,7,7,6,"Honesty, Empathy, Responsibility",18 - 24,Man,Canada,Some university/college,Self-employed / freelance,11–12 hours,Often,6
28/11/2025 11:40:10,Yes,5c919bd147fad40011be82c8,7,7,7,2,1,4,3,2,2,7,2,5,7,6,7,7,7,7,7,6,A youtube podcast featuring Barack Obama did not say it was AI generated and I did not immediately know it was faked,4,7,4,4,"Honesty, Responsibility, Transparency",Over 65,Man,UK,Bachelor’s degree,Self-employed / freelance,2–4 hours,Sometimes,5
28/11/2025 11:40:13,Yes,691769fb0d1b934f947b35f0,5,6,6,5,2,3,2,2,6,6,6,6,3,5,5,6,6,4,3,4,Various videos in online places such as social media,5,5,5,4,"Honesty, Responsibility, Transparency",18 - 24,Man,New Zealand,Some university/college,Student,9–10 hours,Sometimes,4
28/11/2025 11:40:13,Yes,6287a504c4cb277cf781b6bb,5,6,5,4,5,4,5,3,6,5,6,6,5,5,6,6,5,5,4,5,"There was a photo of a bear sitting on a bench, and I absolutely questioned if it was AI, even though it ended up being real.",4,6,6,3,"Honesty, Fairness, Non-harm",18 - 24,Man,US,Some university/college,Student,9–10 hours,Very often,5
28/11/2025 11:40:27,Yes,5d0ac73d1fdbbb0019c9707d,7,7,7,7,7,6,4,7,7,7,5,7,6,5,7,5,7,7,5,4,It was a video on FB where someone was claiming that a celbrity was endorsing a product,1,7,4,1,"Honesty, Non-harm, Transparency",55 - 65,Woman,Ireland,Some university/college,Employed part-time,2–4 hours,Occasionally,7
28/11/2025 11:40:35,Yes,5ffdd6d02b3bca3c02450f95,6,7,7,6,5,5,5,4,5,5,4,4,5,4,6,4,6,6,6,6,N/a,3,5,6,3,"Honesty, Respect, Non-harm",35 - 44,Man,UK,Some university/college,Employed full time,2–4 hours,Occasionally,3
28/11/2025 11:40:39,Yes,69173338e63cb8d32cf1173e,6,6,5,3,5,4,2,2,5,3,4,5,7,5,1,1,5,6,4,7,When scrolling instagram and tiktok i always see videos that look a bit bizzard and makes me questions it is ai,3,6,3,2,"Honesty, Human wellbeing, Transparency",18 - 24,Man,Ireland,Some university/college,Student,5–6 hours,Rarely,7
28/11/2025 11:41:21,Yes,5c509487172b6c0001779b34,7,5,5,7,5,5,3,5,5,5,5,5,5,5,3,5,4,5,3,4,Seeing a pic of a celebrity passing away when it turns out that they were very much alive and it was AI ,4,4,4,4,"Honesty, Fairness, Transparency",35 - 44,Woman,UK,Postgraduate degree,Employed full time,9–10 hours,Sometimes,5
28/11/2025 11:41:53,Yes,5f5bb87a0093333445af65f2,3,6,5,3,4,5,4,2,6,6,6,4,5,7,6,5,6,5,6,7,Looking at models and being informed that some of the images were purely A.I.. I was shocked at the quality and accuracy.,6,4,3,6,"Honesty, Responsibility, Transparency",35 - 44,Man,UK,Bachelor’s degree,Employed full time,2–4 hours,Often,4
28/11/2025 11:42:13,Yes,67c83488e67b25dcb923d96d,5,3,2,3,4,2,2,4,5,6,6,6,5,7,6,5,6,3,4,4," A recent moment where I questioned whether something online was real happened when I saw a short video of a woman giving travel tips in a city I know well. At first it looked totally normal — good lighting, casual street noise, and a very natural speaking style. But the longer I watched, the more small things felt off: her mouth movements didn’t perfectly match the audio, the shadows on her face didn’t change as she turned, and a couple of people in the background seemed to walk in oddly repeated patterns.

I paused the video and realized it was likely AI-generated. It wasn’t obvious at first glance, but something about the subtle “smoothness” of the whole scene made me second-guess it. It was one of those moments where you realize how hard it’s becoming to tell what’s real online.",6,7,2,5,"Fairness, Responsibility, Accountability",35 - 44,Man,UK,Bachelor’s degree,Employed full time,2–4 hours,Sometimes,7
28/11/2025 11:42:20,Yes,69127266eb4884871ed7e858,6,6,6,6,6,5,7,6,7,6,4,5,5,5,7,5,6,7,7,7,A image of a dog saving a cat during the Thailand floods. ,3,2,5,2,"Honesty, Fairness, Responsibility",25 - 34,Woman,Australia,Some university/college,Other,5–6 hours,Rarely,3
28/11/2025 11:42:33,Yes,5ec705b09b469614f8418b27,6,5,7,3,2,3,2,1,7,7,5,4,5,7,7,4,5,6,1,3,"Not so much questioned as immediately suspicious of football content posted on X and Insta where it would appear that footballers and football managers are responding to interview questions (in a way that laughs at Liverpool FC) but the image (lips, expressions) and audio (strange idioms, out of sync) are clearly iffy; I just close the post, don't bother with the content, as it's usually supremely unfunny",1,7,1,2,"Honesty, Fairness, Accountability",55 - 65,Man,UK,Postgraduate degree,Employed part-time,5–6 hours,Rarely,5
28/11/2025 11:42:43,Yes,610992345dff3a5180a13714,6,5,6,6,5,5,6,5,6,6,4,5,6,5,6,6,6,5,6,6,I saw a TikTok of a slime video that looked very real. Slime can be very colorful and unique so it's harder to tell when it's real or fake. I had to focus on the hand in the video to confirm if it was real or artificially generated.,2,5,5,5,"Honesty, Human wellbeing, Non-harm",25 - 34,Woman,US,Bachelor’s degree,Employed full time,9–10 hours,Rarely,5
28/11/2025 11:42:44,Yes,67cc89b714c44c3c7d4756f5,6,7,7,7,7,7,7,7,5,4,7,6,7,7,7,7,7,7,7,7,"A month ago while I was researching on some thesis om climate change for an academic paper for my friend, I  came across an aricle accompanied by photographs depicting unusually dramatic environmental phenomena which looked legit but upclose inspection several factors raised my doubts on the photographs. AI  generated images tend to have uunatural lightings and pixel distortions.",5,7,7,4,"Non-harm, Transparency, Accountability",25 - 34,Woman,US,Postgraduate degree,Employed full time,2–4 hours,Everyday,5
28/11/2025 11:42:46,Yes,64c9892e8e7e06812b775c0c,7,7,7,5,5,5,5,5,6,6,4,5,5,4,7,6,7,5,5,6,picture of justin trudeau and katie perry on a yacht,1,5,5,1,"Honesty, Non-harm, Transparency",45 - 54,Woman,Canada,Bachelor’s degree,Employed full time,11–12 hours,Never,5
28/11/2025 11:42:51,Yes,66d8b1917c364ec10c95a0c6,6,6,6,5,4,5,4,6,6,6,4,4,5,5,7,5,7,6,5,7,I watched a youtube short of Mohammed Ali dancing on Soul Train which fooled me for a minute but then I realised it was fake but I had to check the comments to be sure. I don't do social media much so I'm not exposed to the storm of AI generated stuff on tic Tok etc but I do think its gettin harder to tell the difference now. Also I've done some studies on prolific training AI models (I can't write about anything specifically) and some of the things they can do with video now are very realistic and I would struggle to know the difference to be honest. ,5,6,5,5,"Responsibility, Human wellbeing, Non-harm",55 - 65,Man,UK,Some university/college,Employed full time,5–6 hours,Sometimes,5
28/11/2025 11:42:57,Yes,596214729955ee00015bce36,5,6,6,4,4,5,5,3,6,6,5,5,5,5,5,4,6,4,2,5,It is hard to think of a specific example...,4,6,2,4,"Honesty, Responsibility, Accountability",45 - 54,Man,UK,Postgraduate degree,Employed full time,2–4 hours,Often,4
28/11/2025 11:43:04,Yes,6773dc7bcec34c5f04788eff,6,6,6,4,5,5,4,4,6,6,5,5,6,5,6,5,6,5,6,6,"I saw a viral video of a politician saying something outrageous. The voice sounded slightly robotic and the lip-sync was off, making me suspect it was a deepfake. I checked a reputable news site and found it was indeed AI-generated.",3,6,5,3,"Fairness, Transparency, Accountability",35 - 44,Man,UK,Postgraduate degree,Employed full time,9–10 hours,Often,6
28/11/2025 11:43:08,Yes,66e42249ff3f1be588b9bf04,7,7,7,7,7,7,1,4,7,7,5,5,5,4,7,4,7,6,6,7,When politicians say things they are at a cross purposecwith their party or policy. ,4,7,5,4,"Fairness, Non-harm, Transparency",55 - 65,Man,UK,Bachelor’s degree,Employed full time,5–6 hours,Sometimes,7
28/11/2025 11:43:08,Yes,660c9fe7b2e6bf22bcc608b1,7,6,7,5,7,6,5,6,6,5,3,6,4,3,3,6,7,6,4,5,The videos that were showing Iran's attack on Israel. The effect was too much exaggerated ,5,7,6,6,"Fairness, Respect, Human wellbeing",25 - 34,Woman,US,Bachelor’s degree,Employed full time,5–6 hours,Sometimes,5
28/11/2025 11:43:17,Yes,5c5d306d935f3500016f64ac,5,6,7,6,5,6,6,5,7,7,5,6,5,4,7,5,7,6,5,6,A news article,4,7,4,5,"Honesty, Non-harm, Transparency",45 - 54,Woman,UK,Bachelor’s degree,Employed full time,2–4 hours,Often,6
28/11/2025 11:43:20,Yes,67d09fef5654f3194dc6c5a6,5,7,6,6,6,6,4,3,2,3,2,3,6,3,5,2,5,6,4,6,When a video of Donald Trump saying something outrageous like hanging the Democrats,5,6,4,5,"Honesty, Respect",35 - 44,Man,Canada,High school,Employed full time,9–10 hours,Sometimes,6
28/11/2025 11:43:24,Yes,6605c7d99fbe34468c431d43,6,4,5,3,3,4,3,2,7,7,5,4,6,5,7,5,5,5,5,7,AI videos that keep getting reposted by Republicans.,4,6,2,4,"Honesty, Transparency, Accountability",45 - 54,Man,Canada,Bachelor’s degree,Employed part-time,5–6 hours,Sometimes,3
28/11/2025 11:43:39,Yes,5e9593f997af0e19c6073957,5,7,7,5,6,4,7,2,6,4,5,6,5,3,5,6,7,6,7,7,"I saw an AI generated video that purported to be from financial expert Martin Lewis. I thought the content seemed a little odd, but it looked very realistic. I eventually noticed his mouth was moving a little weirdly and I confirmed it was AI.",2,5,7,3,"Responsibility, Non-harm, Transparency",25 - 34,Non-binary,UK,Postgraduate degree,Employed full time,5–6 hours,Sometimes,5
28/11/2025 11:43:47,Yes,66b13e9ca1a27e58226f1761,5,6,7,6,6,6,5,5,6,6,4,5,6,5,7,6,6,6,5,7,I saw a post on LinkedIn where I couldn’t tell if the post and poster were real or AI generated and I also couldn’t tell if the subject in the video they reposted was real or AI generated. Since many people use filters and effects it’s difficult to tell if videos are real or not.,5,6,4,6,"Honesty, Non-harm, Transparency",45 - 54,Woman,UK,Postgraduate degree,Employed full time,5–6 hours,Very often,6
28/11/2025 11:44:12,Yes,66323f16b05df4403391861c,5,5,6,5,5,5,5,4,5,4,4,5,6,5,5,5,6,6,4,6,I saw a video and was showing my husband that I thought was real. It was crazy the quality and how real it looked,3,5,4,5,"Non-harm, Transparency",45 - 54,Woman,US,Bachelor’s degree,Employed full time,5–6 hours,Sometimes,4
28/11/2025 11:44:19,Yes,6665a9d6028c2fb836001d5c,5,7,6,5,6,7,6,4,5,5,1,6,7,1,6,1,7,7,5,7,Watching social media clips of a talking parrot. I was unsure whether it was real or AI generated. I previously would have assumed it was real but the talking was too good/funny and one of my children explained that it was artificially generated. This has made me question other related clips.,3,7,7,2,"Fairness, Transparency, Accountability",45 - 54,Woman,UK,Bachelor’s degree,Not currently working,2–4 hours,Very often,7
28/11/2025 11:45:11,Yes,68bb75e3f99a5ad10b5c965a,5,7,7,6,5,5,6,4,6,6,5,5,4,6,6,5,7,6,5,7,A advertisement stated that Tai Chi helps age of over 50 people look better and younger. It features male and female models to explain of the effect. I could not tell these individuals are really people or AI generated images. ,5,7,6,4,"Empathy, Human wellbeing, Transparency",45 - 54,Woman,US,Bachelor’s degree,Employed part-time,5–6 hours,Everyday,6
28/11/2025 11:45:35,Yes,677580b9fa6b77a8332d2237,6,6,7,6,5,6,7,6,3,6,5,7,6,6,7,6,7,6,6,6,I was watching Youtube only for a video to have been heavily edited and made to sounds like somehing completely different,2,6,6,6,"Honesty, Fairness, Transparency",35 - 44,Woman,UK,Postgraduate degree,Employed full time,7–8 hours,Occasionally,6
28/11/2025 11:45:40,Yes,6725347167ba634df0e78de9,7,7,7,7,7,7,7,7,7,7,4,7,7,3,7,4,7,7,7,7,Watching videos on TikTok which seemed unlikely ,1,1,4,1,"Honesty, Transparency, Accountability",55 - 65,Woman,UK,High school,Employed full time,2–4 hours,Occasionally,1
28/11/2025 11:45:42,Yes,6466249c27b5e4161f763c32,6,7,7,5,6,5,6,4,7,7,5,6,7,6,7,5,6,6,7,7,There was a video of a old lady getting hit with a bean bag gun. At first it looked real but i've noticed that the voice was  not synced and  the comments below also believe that the video was AI made.,4,5,5,6,"Respect, Responsibility, Human wellbeing",35 - 44,Man,Canada,High school,Not currently working,7–8 hours,Often,4
28/11/2025 11:45:49,Yes,583b397f54686200010f1d20,1,1,7,1,1,1,1,1,4,4,7,7,4,7,5,5,7,7,7,7,A news article about Trump's plans to improve America,1,7,4,1,"Honesty, Fairness, Human wellbeing",45 - 54,Woman,US,Bachelor’s degree,Employed full time,More than 12 hours,Sometimes,7
28/11/2025 11:45:55,Yes,5f919274b5383b00096b0295,7,6,6,6,6,6,6,5,6,7,6,5,6,7,6,6,6,6,6,5,I saw a cat photo today which was very similar to one of the Turkish star`s face. We talked with my husband and decided it is fake,6,6,7,6,"Fairness, Responsibility, Transparency",25 - 34,Woman,UK,Postgraduate degree,Employed full time,2–4 hours,Everyday,6
28/11/2025 11:45:56,Yes,5da74e9437d4210016492810,7,7,5,3,4,5,2,4,7,7,5,5,4,5,6,3,5,6,1,4,I watched a YouTube video where a Siberian tiger came up to someone's front porch and the dog chased it off which I believe was an AI video but I can't say for sure.,4,5,2,5,"Honesty, Human wellbeing, Non-harm",55 - 65,Man,Canada,Some university/college,Not currently working,7–8 hours,Occasionally,4
28/11/2025 11:45:59,Yes,5d5eb07672a0690001cee147,6,6,7,4,3,4,2,2,6,6,7,5,3,6,7,5,7,5,4,3,Saw a video on TikTok of a dog playing and running around and it was difficult to tell if it was real or not. ,3,6,5,5,"Transparency, Accountability",25 - 34,Woman,UK,Postgraduate degree,Employed full time,2–4 hours,Often,6
28/11/2025 11:46:08,Yes,58f3760092ac81000154f8af,6,5,7,4,3,3,4,4,7,5,6,6,6,5,7,5,5,6,7,7,I was doom scrolling on Twitter the other day and I saw a video of a bear in a convenience store eating a jar of honey. I thought it was funny and cute but it turns out it was AI. ,2,3,4,2,"Non-harm, Transparency, Accountability",25 - 34,Man,US,Bachelor’s degree,Employed full time,2–4 hours,Very often,5
28/11/2025 11:46:29,Yes,66c0e527746d984d9bff5f3f,5,6,7,5,3,4,6,5,6,7,5,6,6,6,6,5,7,6,7,7,"I was scrolling on Instagram when I saw a reel about a hockey goalie talking in a post-game interview, and he was using some pretty dismissive language, and it turns out that the speech was AI generated, it was a voiceover",3,5,4,5,"Honesty, Responsibility, Non-harm",25 - 34,Man,Canada,Bachelor’s degree,Employed full time,2–4 hours,Sometimes,5
28/11/2025 11:46:45,Yes,5aae420ec4e8f200014b3d4e,7,7,7,6,7,6,5,6,7,5,3,3,4,3,5,3,6,7,7,6,A video i saw online i could not tell if it was real or ai,1,6,4,5,Transparency,35 - 44,Woman,UK,Bachelor’s degree,Employed part-time,2–4 hours,Sometimes,6
28/11/2025 11:46:45,Yes,67f054713cbdd6e7fdab28d4,6,5,6,4,4,3,5,5,7,7,6,5,5,5,7,6,6,5,6,5,"Recently there was an image of Rihanna and a young girl trending. The young girl looks like Rihanna, and they had taken a selfie together. I really questioned whether it was AI or not.",5,6,5,4,"Human wellbeing, Non-harm, Transparency",45 - 54,Woman,US,Postgraduate degree,Employed full time,2–4 hours,Very often,5
28/11/2025 11:46:48,Yes,5cd89ac3575359001dc46b76,6,7,7,5,2,4,1,4,7,7,6,7,6,6,7,6,7,7,5,5,"That was when I recently watched a online video and the person talking to the camera didn't look like, move or talk like a real human being and I was questioning myself if it was real or artificially generated.",6,7,1,7,"Honesty, Non-harm, Transparency",45 - 54,Man,UK,High school,Employed full time,2–4 hours,Sometimes,7
28/11/2025 11:47:01,Yes,6272eccadd98507271a651c7,4,7,7,4,4,4,4,1,7,7,5,6,7,6,7,6,4,3,4,4,The other day with the Hong King high rise fires. ,4,7,6,5,"Honesty, Human wellbeing, Transparency",45 - 54,Man,US,Bachelor’s degree,Employed full time,5–6 hours,Everyday,5
28/11/2025 11:47:09,Yes,66929a6a268ccf0d6fce0d52,6,6,6,6,6,5,4,2,5,5,4,5,5,4,6,5,6,4,5,5,a video of a dog protecting a baby,5,5,1,5,"Fairness, Respect, Non-harm",55 - 65,Woman,UK,Some university/college,Not currently working,7–8 hours,Rarely,7
28/11/2025 11:47:25,Yes,5EA1A714862A64067C7141A9,7,5,6,3,5,4,2,1,5,5,5,6,5,5,6,4,5,5,4,6,I was watching a podcast and some of the people were obviously synthetic and AI generated,5,6,4,4,"Honesty, Human wellbeing, Transparency",55 - 65,Man,UK,Some university/college,Not currently working,2–4 hours,Never,6
28/11/2025 11:47:31,Yes,67052378deb1622c6e3d711a,7,7,7,7,7,7,4,5,5,4,3,4,6,4,5,4,6,7,7,7,"when i saw an advert on Facebook, the characters did not look real",1,4,3,1,"Honesty, Non-harm, Accountability",Over 65,Man,UK,Some university/college,Not currently working,7–8 hours,Sometimes,4
28/11/2025 11:47:32,Yes,611dd070c87e8eef203770d9,6,6,7,4,5,3,3,2,7,7,6,6,5,6,7,7,5,5,5,6,Watching an influencer on YouTube and wondering how altered their appearance was. There was definitely a filter. The person may have been completely AI.,4,6,4,3,"Honesty, Fairness, Responsibility",45 - 54,Man,US,Some university/college,Employed full time,2–4 hours,Very often,5
28/11/2025 11:47:38,Yes,5c9034a2eedbd9001573ca14,7,7,7,5,6,6,5,7,6,6,3,4,7,4,7,6,7,7,7,7,Looking at what investments are recommended given that a high number of fack information and data is presented and a lot of people are using AI to decive,3,7,6,4,"Honesty, Non-harm, Accountability",55 - 65,Man,UK,Postgraduate degree,Employed part-time,2–4 hours,Everyday,5
28/11/2025 11:48:40,Yes,66c90f9aee51f5cda9be0083,6,7,7,7,6,7,6,6,7,7,2,2,6,3,7,5,7,7,7,6,I like to look at art on social media a lot. I recently found a new artist and was struggling to find if they were a real artist or were using AI 'art'.,1,6,5,2,"Responsibility, Non-harm, Transparency",18 - 24,Woman,UK,High school,Not currently working,7–8 hours,Never,2
28/11/2025 11:49:08,Yes,65c128e28c1ed7690f805e53,7,7,7,6,6,7,6,5,7,7,4,4,7,5,7,6,7,7,7,7,Today I watched a music video uploaded on YouTube. It was a quartet and I was doubtful of the singers. I wasn't sure whether they were real or face.,5,6,7,5,"Fairness, Transparency, Accountability",35 - 44,Woman,US,Postgraduate degree,Employed full time,More than 12 hours,Everyday,5
28/11/2025 11:50:15,Yes,5dc9e325ac77c76f8a335019,5,7,7,7,5,6,6,4,7,7,5,4,7,3,5,4,7,7,6,4,A photo that looked too perfect,4,7,5,2,"Responsibility, Human wellbeing, Accountability",35 - 44,Woman,UK,Bachelor’s degree,Not currently working,7–8 hours,Very often,4
28/11/2025 11:50:20,Yes,65bc9e32e7885cd5c09a676d,6,7,7,3,2,4,5,6,6,6,4,3,5,7,7,7,7,1,3,4,"An online friend of mine (who I know is real) recently sent me a video saying basically, ""OMG this looks so terrible. My heart breaks for these people."" It was of an earthquake in Japan and while it looked real, I checked the news and there was nothing about it in my news sources. I then checked the comments on the video and found out people from that area of Japan were saying the whole video was AI. My friend was horrified when I told her. ",2,6,3,3,"Honesty, Responsibility, Transparency",55 - 65,Woman,New Zealand,Bachelor’s degree,Self-employed / freelance,9–10 hours,Occasionally,6
28/11/2025 11:50:20,Yes,678e883a9ac653bfb7ff5f1f,6,7,6,6,5,4,5,6,6,6,5,6,4,6,6,4,6,6,6,5,When I saw a fake photo of Donald Trump with a woman in between him and Jeffrey Einstein,4,6,5,5,Fairness,25 - 34,Woman,US,Bachelor’s degree,Employed full time,2–4 hours,Often,6
28/11/2025 11:50:54,Yes,670e3c70da3334b19d83bebc,6,4,6,5,5,3,4,2,7,7,7,6,4,6,7,6,6,4,4,3,I saw a video of President Trump and Cristiano Rolando in the oval playing ball.,5,6,6,6,"Responsibility, Non-harm, Accountability",45 - 54,Man,US,Postgraduate degree,Employed full time,2–4 hours,Sometimes,7
28/11/2025 11:51:05,Yes,69136c7df68dcde570c33956,7,7,7,7,5,5,7,4,7,7,7,6,6,6,3,6,7,7,7,7,the latest was a video on Facebook where I honestly couldn't tell if it was real or AI it was the interactions between a baby and a dog,4,6,6,6,"Non-harm, Transparency, Accountability",35 - 44,Woman,Canada,Postgraduate degree,Employed full time,7–8 hours,Everyday,6
28/11/2025 11:51:29,Yes,5dee11c6d35cc34acae7c301,7,7,7,6,6,7,7,6,6,6,6,6,5,5,7,4,7,7,7,7,A video of Trump giving a speech. This is not helped by the fact Trump is a compulsive liar and reliable institutions like the BBC are manipulating non AI material to deceive their audiences.,2,7,4,1,"Honesty, Fairness, Accountability",Over 65,Man,UK,Some university/college,Not currently working,5–6 hours,Occasionally,6
28/11/2025 11:51:46,Yes,67acbcf37bce4a2aa0f088d4,6,7,5,2,2,3,2,3,6,7,6,6,5,6,7,6,6,5,5,7,I saw this ad online that had the prime minister supporting bitcoin. I knew it couldn’t be true. It looked real but there were some discrepancies with his skin tone. I couldn’t find this message anywhere else also.,6,7,2,7,"Empathy, Human wellbeing, Transparency",25 - 34,Woman,Canada,Some university/college,Employed part-time,5–6 hours,Everyday,6
28/11/2025 11:53:48,Yes,5e1be631fe04c0402ce45da0,6,5,5,6,3,3,6,2,6,7,6,7,5,6,7,7,6,7,6,5,"I watched a short video on twitter, of a tourist woman in Africa taking a picture with her arm stretched out of the vehicle and a lion ran up and dragged her out of the vehicle. It was one of the best AI videos I have ever seen. Almost had me fooled.",4,6,5,4,"Honesty, Responsibility, Human wellbeing",55 - 65,Man,Canada,Some university/college,Employed part-time,11–12 hours,Very often,5
28/11/2025 11:54:01,Yes,6914e0900c27e175798f4983,5,6,7,5,5,5,5,3,6,7,6,6,7,7,7,7,7,5,5,7,"Recent videos on Tiktok showing wild animal interaction with humans. It is not uncommon to see a human playing with a lion or a bear but in such cases, there have been bonds formed between both parties over time but these days, you see videos of people who just encounter a wild animal for the first time and they start cudling and playing like they are best friends.",6,6,3,6,"Honesty, Human wellbeing, Transparency",35 - 44,Man,US,Postgraduate degree,Employed full time,9–10 hours,Everyday,6
28/11/2025 11:54:09,Yes,65de5ddcc637719fe458fc76,5,4,5,6,5,5,5,6,4,5,6,5,5,4,6,5,4,5,4,4,I saw a car crash video on IG recently and it was hard to tell if it was real or not.,3,4,4,2,"Fairness, Non-harm, Transparency",25 - 34,Man,US,Bachelor’s degree,Employed full time,5–6 hours,Sometimes,6
28/11/2025 11:55:15,Yes,65cb86a7e667e637599a3af3,6,7,6,5,4,3,5,2,7,6,3,3,5,5,7,6,7,7,7,6,I saw a video of a celebrity I casually follow. I was not sure if it was real or not and had to check official pages. It looked real but also...generated.,1,5,4,1,"Empathy, Respect, Accountability",25 - 34,Woman,US,Bachelor’s degree,Self-employed / freelance,2–4 hours,Occasionally,4
28/11/2025 11:55:52,Yes,67403de187ba0c277a19a258,5,4,1,1,1,1,1,1,7,7,7,7,4,7,7,7,7,4,2,7,"I saw an online article which I thought was real, but then when looking at the images, the fingers and thumbs were joined together and t realised then it was AI",5,5,7,7,"Non-harm, Transparency, Accountability",45 - 54,Woman,UK,Bachelor’s degree,Employed full time,11–12 hours,Everyday,6
28/11/2025 11:56:08,Yes,653b07dc6d0abbc519239d1c,6,6,6,2,2,4,5,1,7,7,5,3,5,6,7,7,7,7,5,4,"I saw a post on X (formerly Twitter) in which a woman was standing next to a very tall, intricate and impressive wood sculpture of what looked like a cathedral. Now I suspected this that this image was AI generated, and it turns out that in fact it was. But someone was trying to pass it off as real for the sake of engagement farming.",5,7,3,4,"Responsibility, Transparency, Accountability",Over 65,Woman,US,Bachelor’s degree,Self-employed / freelance,More than 12 hours,Everyday,5
28/11/2025 11:58:56,Yes,5d2f85f28e588a0019164d77,5,7,7,6,5,5,5,3,5,6,4,3,5,4,6,2,7,6,5,6,When reading a story about a well known person I thought it was unlikely that it had really happened and wondered if the article was genuine. I searched online to see if there were any other stories saying the same thing.,5,7,3,4,"Honesty, Responsibility, Human wellbeing",55 - 65,Woman,UK,Some university/college,Not currently working,2–4 hours,Often,6
28/11/2025 12:00:19,Yes,5edd36ee4aaed5a3a0d9b6d1,7,7,7,5,6,4,4,3,7,7,6,7,7,5,7,6,7,7,5,7,A clipping from the news about Robert Redford ,3,7,4,2,"Honesty, Empathy, Human wellbeing",55 - 65,Woman,UK,Postgraduate degree,Self-employed / freelance,9–10 hours,Occasionally,6
28/11/2025 12:02:41,Yes,60cee4ec871f36088fe20ff3,6,7,7,7,7,7,7,2,6,7,3,2,5,2,6,7,7,7,7,7,"I often browse funny animal videos, but lately I've noticed that more and more of them might be AI-generated.",4,5,6,6,"Honesty, Non-harm, Transparency",25 - 34,Woman,Canada,Postgraduate degree,Employed full time,5–6 hours,Everyday,3
28/11/2025 12:04:34,Yes,673401c52dc6bf17faf8cfd3,7,5,7,5,5,5,4,5,7,5,4,2,7,4,4,5,7,6,6,5,The recent fire in Hong Kong. THe video seemed strange. I had to double check other sources to confirm.,1,6,5,1,"Fairness, Respect, Responsibility",35 - 44,Woman,Canada,Bachelor’s degree,Employed full time,More than 12 hours,Occasionally,5
28/11/2025 12:07:13,Yes,659c0682d109f8537a89fdd3,5,6,5,5,5,6,5,5,7,6,4,6,5,5,4,4,6,6,6,6,"I was scrolling through social media and I saw a post about a recent event and questioned whether or not, it was real.",5,2,4,5,"Honesty, Transparency, Accountability",18 - 24,Man,Canada,Bachelor’s degree,Employed full time,More than 12 hours,Very often,3
28/11/2025 12:10:15,Yes,5e6af189bdaa1a0b355f63ae,6,7,6,5,6,7,3,6,6,6,2,2,6,2,6,3,6,6,6,7,A viral video of a celebrity doing something questionable was circulating on social media.,5,6,6,6,"Honesty, Fairness, Non-harm",45 - 54,Woman,US,Bachelor’s degree,Self-employed / freelance,7–8 hours,Sometimes,7
28/11/2025 12:14:41,Yes,570570eb61ab6a0010d484d0,5,5,5,5,5,5,4,4,4,4,4,4,4,5,6,5,5,3,3,3,I was looking at a video of someone talking about a city and then realised it was likely that it was completely AI generated.  It looked so real so I was not sure what to believe to be fair,4,5,5,5,"Honesty, Non-harm, Transparency",45 - 54,Man,UK,Some university/college,Employed full time,5–6 hours,Rarely,5
28/11/2025 12:24:55,Yes,5b03119a22ffb50001cbcb89,7,6,7,5,4,5,3,5,5,6,5,6,6,7,7,5,7,5,4,7,A video of Donald Trump dancing,5,6,5,5,"Honesty, Responsibility, Accountability",Over 65,Man,UK,High school,Other,2–4 hours,Rarely,6
28/11/2025 12:29:47,Yes,676ed8014625d5ebd417b5f2,4,5,5,3,4,3,3,3,6,6,3,4,5,6,7,6,6,2,5,5,A recent post I seen about President Trump,7,7,2,7,"Non-harm, Transparency, Accountability",55 - 65,Woman,US,High school,Not currently working,9–10 hours,Everyday,6
28/11/2025 12:41:25,Yes,67c735f93ad62d77e21b7538,7,7,7,4,2,2,7,1,7,7,4,7,7,5,7,7,7,7,7,7,There was a few videos of people who could do abnormal things that made it look ai generated.,1,3,4,1,"Honesty, Human wellbeing, Non-harm",18 - 24,Prefer not to say,Canada,Some university/college,Student,More than 12 hours,Everyday,1
28/11/2025 12:42:48,Yes,638e6328cddabb50e84cc8e5,2,2,5,1,3,2,1,1,7,7,6,6,5,6,7,7,7,2,4,6,I did had a moment like this so far,5,7,1,5,"Human wellbeing, Non-harm, Transparency",35 - 44,Woman,UK,Postgraduate degree,Employed full time,Less than 2 hours,Sometimes,7